essay_id_comp,pair_id,is_ell,binoculars_score
06911EF88750,0,1,1.103515625
1D6220DAB645,1,1,1.0224609375
1EC48C7220A9,2,1,1.1015625
22D430B4DA50,3,1,1.041015625
2C2048E6F957,4,1,1.08203125
3.78E+11,5,1,1.05078125
31DC1BA3B765,6,1,1.1728515625
550102B59704,7,1,0.95458984375
551396E2E622,8,1,1.04296875
68F9DF667783,9,1,1.04296875
6EDFF3B2F173,10,1,1.1484375
771088AF11CF,11,1,0.98828125
81D644A1BCB6,12,1,0.97314453125
86D9CA923898,13,1,1.1171875
88DB81B8AFF1,14,1,1.0771484375
892FAC621FF5,15,1,1.119140625
A18E788DEDF8,16,1,1.0703125
ADBB29D9E179,17,1,0.9736328125
AEE7027DF5C3,18,1,1.0751953125
B30CDC5510F6,19,1,1.091796875
BD3AE65B1740,20,1,1.087890625
BD45F6A61711,21,1,1.0966796875
C0FE91AC1007,22,1,0.99267578125
C3E58C5A8354,23,1,1.1005859375
D123B48DE9CD,24,1,0.98974609375
D1E865DE0A88,25,1,1.0615234375
D4F74B3F2A23,26,1,0.99462890625
D6E50750087E,27,1,1.1376953125
DFD34931CE5D,28,1,1.1416015625
E60A91172B20,29,1,1.0390625
042CAC7A1944,30,1,1.048828125
0AB9C286F515,31,1,1.0859375
0EC4EF416F2F,32,1,1.20703125
1065173BBE31,33,1,1.142578125
1FC12A1F6AF7,34,1,1.0595703125
215798B40912,35,1,1.0732421875
28DB8FB12DF2,36,1,1.0869140625
29A8E6DA6F04,37,1,1.095703125
2D10F2D7A580,38,1,1.0859375
3009A8F385F7,39,1,1.1181640625
3118C7939533,40,1,1.05078125
35F5213FB76E,41,1,1.17578125
3837C1E433D2,42,1,1.158203125
3BB58E6FF471,43,1,1.078125
3C3DB575B145,44,1,1.0693359375
48DDFE6E00F1,45,1,1.10546875
4A891CB4137C,46,1,1.0732421875
4D8415D5FABD,47,1,1.0078125
4EA97FE40C2A,48,1,1.013671875
4EF6C70DC809,49,1,1.0771484375
50CD861B1F17,50,1,1.0947265625
57526C588B5A,51,1,1.1298828125
5783E98C8CD1,52,1,1.0966796875
57A9D85DC789,53,1,1.125
58D15433E622,54,1,1.0595703125
5E3A5B645F49,55,1,1.0263671875
5EB322E4BBF8,56,1,1.1220703125
62547931560B,57,1,1.064453125
64B8D752CAFF,58,1,1.1162109375
67145A5E0000,59,1,1.0341796875
679F9CCEA15A,60,1,1.130859375
67FF9FA794A7,61,1,1.087890625
681AE0381A53,62,1,1.0673828125
687134C8A628,63,1,1.1318359375
6F67FFCB065A,64,1,1.076171875
7918119EFBE8,65,1,1.056640625
79F0FAF84694,66,1,1.07421875
81C842E5AFE4,67,1,1.0283203125
81EC93D0EF50,68,1,1.056640625
85A8289D3117,69,1,1.123046875
89250C89D474,70,1,1.0771484375
8D3F64CB71A3,71,1,1.0498046875
98A5E601C626,72,1,1.0263671875
9B90E0AB50AF,73,1,1.08984375
9E93D3D95C5F,74,1,1.052734375
A2687DC4AC9F,75,1,1.0341796875
A8B028FCCF5B,76,1,1.0283203125
A930350D5AE7,77,1,1.1494140625
AA06B5CC9A66,78,1,1.1103515625
AD7012F5871A,79,1,1.064453125
AE416AEFE28E,80,1,1.0615234375
BE7661E3E571,81,1,1.103515625
BF070C66EE96,82,1,1.08203125
C54C7EF5A5A6,83,1,1.068359375
C5569B2725B4,84,1,1.072265625
CE47E51746E3,85,1,1.083984375
D409DB602758,86,1,1.072265625
DF2A49B9716F,87,1,1.0419921875
DFB707766C4F,88,1,1.130859375
E4EA4EAB3679,89,1,1.05078125
E7E9F568417F,90,1,1.1708984375
E978C0850898,91,1,1.125
EE03F24377D0,92,1,1.0478515625
FB33A8E58C6F,93,1,1.044921875
FC9BC150809F,94,1,1.0986328125
FF7AFA7FF8B6,95,1,1.08984375
0563F089C239,96,1,0.9921875
0985602832CD,97,1,0.9111328125
0CFDDC1CF75A,98,1,1.103515625
0DF2006FC8F1,99,1,0.94384765625
11E1C6E089DF,100,1,1.03125
194F79C3C5C0,101,1,0.9521484375
1A425C27196E,102,1,1.04296875
1D51BCF69AD3,103,1,0.98779296875
1D75D76AC202,104,1,0.9677734375
223FCA37F79D,105,1,0.97705078125
22B6586B8AC2,106,1,0.98974609375
280F4A13DE2B,107,1,0.98486328125
29765A8DA7DC,108,1,1.0234375
2ACDFF7FCAAA,109,1,1.0126953125
2DB2B8124AA8,110,1,1.0244140625
31DEDD89C49A,111,1,0.9794921875
33ADAAB38BFC,112,1,1.0068359375
33E25E6A8028,113,1,1.0712890625
37423449B879,114,1,1.0009765625
39B6454376C8,115,1,0.89599609375
3AB3FC197550,116,1,1.09765625
3FF91197E74D,117,1,0.93994140625
4639878D6C17,118,1,0.94140625
49C4EA2A4D21,119,1,1.0380859375
4FE8CD4987B6,120,1,1.0400390625
50165AB9C6F2,121,1,0.9296875
51DD6A82BD9D,122,1,1.068359375
52B24BAEDC8C,123,1,0.97802734375
5674A7E93E14,124,1,1.033203125
5A91C6A1224E,125,1,0.9404296875
629862A6AB15,126,1,0.99609375
681B9CD21B07,127,1,1.05859375
6E8B43214951,128,1,0.92041015625
77C7BF4D07D2,129,1,1.08203125
7A07A59E5C5B,130,1,1.0107421875
85150B337E02,131,1,1.0478515625
871097AE113C,132,1,1.07421875
99872EA097CC,133,1,1.0068359375
9B6A95DD8E05,134,1,0.9541015625
9EADCECA2FB8,135,1,1.0244140625
9FA3EE5BDBCB,136,1,0.9814453125
A044B8E5308E,137,1,1.009765625
A6B380D5DEBB,138,1,1.005859375
AA15F858439C,139,1,1.0654296875
AAF5D100E836,140,1,1.048828125
ACDF0CAAF77C,141,1,1.029296875
AE0341CCEBDB,142,1,1.0068359375
AF31964E08DE,143,1,1.01171875
B3AB4E6C5678,144,1,0.98095703125
B727B720430B,145,1,1.05078125
BF5E801B7FD6,146,1,0.98095703125
C68590C2792E,147,1,0.98291015625
C6C50AA537AF,148,1,0.99365234375
CB0BF6DDF9B7,149,1,1.0986328125
CB97EA7E4FB7,150,1,1.0283203125
CEB62725E8AC,151,1,0.9794921875
D185087926CD,152,1,0.998046875
D401F5D87E45,153,1,0.9892578125
DACF12F21A7C,154,1,1.025390625
DB62D47E5B0D,155,1,0.9130859375
DDC53C7B5B42,156,1,1.0947265625
E263EB3FBC22,157,1,0.99267578125
E792CBEB06C5,158,1,1.0322265625
E7F9A77683D2,159,1,1.033203125
EBAC7604E958,160,1,1.0810546875
F2080B933EE4,161,1,0.9921875
FABE0E966789,162,1,1.0322265625
FDCBCA9B0636,163,1,1.05078125
FF197A6B15B2,164,1,1.02734375
004AC288D833,165,1,0.990234375
0094474956AD,166,1,1.01953125
0BC2CAE08FDF,167,1,1.0927734375
0BF56A2681D3,168,1,0.96044921875
0F19DD8FEEDC,169,1,1.0078125
172F67E7FBBC,170,1,1.0146484375
17C7C1CAF7E8,171,1,0.978515625
1A0E4BA7410D,172,1,1.0751953125
1BAE4E235915,173,1,1.0869140625
1CF3776F970D,174,1,0.96337890625
1EB4D8BFB732,175,1,1.0849609375
2C3911F2CA28,176,1,1.064453125
2C7750B811F3,177,1,0.99609375
310201844A5A,178,1,0.97802734375
38702CDFDBE7,179,1,1.07421875
38C3001D7D16,180,1,1.0810546875
4.41E+11,181,1,1.0341796875
442DD1515A61,182,1,1.07421875
462769ABDD5B,183,1,0.974609375
466766082D8B,184,1,1.056640625
46BB96D9BC9B,185,1,1.0166015625
47470951BBDB,186,1,1.0341796875
4766AC689B19,187,1,1.029296875
47A1277A181F,188,1,0.96435546875
4AAB59EDE0FD,189,1,1.01953125
4B25EDB36089,190,1,0.99365234375
4D60247D96CE,191,1,1.091796875
5CE0E9A7214D,192,1,1.013671875
5E178A82D743,193,1,1.060546875
5E9E3C993595,194,1,1.037109375
64319E500339,195,1,0.9833984375
65D6233D8448,196,1,0.9580078125
663149D85F9C,197,1,1.005859375
69C237AC88FF,198,1,0.9873046875
6EEC89E5A1A4,199,1,1.0859375
73E8763E5F73,200,1,1.03125
75F4DD868EF3,201,1,1.0576171875
77BD30EC277D,202,1,0.96435546875
80F8E7B1ABBA,203,1,1.0634765625
839908CBDB40,204,1,1.033203125
8521B650F8A9,205,1,0.94482421875
8AEFE911A7ED,206,1,0.9521484375
8E83FB707B87,207,1,1.0859375
90978A2F8599,208,1,0.998046875
92E97E947628,209,1,1.0634765625
9B42B1750AD8,210,1,1.0380859375
A540C5E958FE,211,1,1.0380859375
AA5E62173BB5,212,1,1.0322265625
AEA7922669A8,213,1,1.0751953125
B23BDDB4B5FA,214,1,0.99755859375
C3E8D00403D9,215,1,1.0009765625
C50CDD1C35B2,216,1,0.9765625
C879A485810D,217,1,1.021484375
D1C69AFBCE83,218,1,1.0126953125
D8D90E042134,219,1,1.033203125
DB0A595A4723,220,1,1.09765625
E3668C4C4C0C,221,1,0.9892578125
E5ED252A0C48,222,1,1.0078125
EAE8AB55E9B1,223,1,0.958984375
EC94E187997D,224,1,1.015625
ECFB72244DAB,225,1,1.0390625
EEB113169637,226,1,1.015625
F05EB1468473,227,1,1.099609375
F45F03EBB2CA,228,1,1.02734375
FC39D2688C50,229,1,1.0830078125
13FDCF58A955,230,1,1.0478515625
19EF33B3D3C7,231,1,0.98291015625
213479A5F0F2,232,1,1.0009765625
2E68BA8F2B65,233,1,1.0048828125
3B62370779A1,234,1,1.0419921875
3BE469553D75,235,1,1.1025390625
40FB5A8DB596,236,1,1.0615234375
468EF37C2F2C,237,1,0.96875
61EDBF8CEC7D,238,1,0.99658203125
6A47B80F3283,239,1,1.1123046875
90DB680F14F5,240,1,1.0244140625
9F1CC7603B64,241,1,0.974609375
A202FBAF0CCD,242,1,1.0361328125
A28E9B475935,243,1,1.0048828125
B402430B0616,244,1,0.98876953125
C616CFDBCA6A,245,1,1.06640625
FFE91DA2A101,246,1,1.03515625
000BAD50D026,247,1,1.0927734375
00898D9FB10A,248,1,0.98193359375
01C53183305A,249,1,0.9609375
046C6FB91CBA,250,1,1.0439453125
047BD3CB80B4,251,1,1.029296875
05118F820085,252,1,1.0107421875
05F30981F3EB,253,1,1.1005859375
079FDB42E429,254,1,0.96728515625
07C6BB6ADA38,255,1,0.9853515625
08B72DCFD859,256,1,1.0458984375
093403D63CA6,257,1,1.1015625
0982DD0EB8E5,258,1,0.92919921875
0AD69388300B,259,1,0.94873046875
0C02DB524F25,260,1,0.943359375
0E24F8C90CFB,261,1,1.056640625
0F14FEA19E2A,262,1,1.0400390625
0F7DB6BD1AD5,263,1,1.0625
10E7A0414D14,264,1,1.0029296875
11DD0B26B584,265,1,0.96435546875
11F106935EDA,266,1,1.01171875
14F0D1DFE3B1,267,1,1.1123046875
1649A2246587,268,1,1.0263671875
1AA55FB101FD,269,1,0.994140625
1B622A28EDD9,270,1,1.0107421875
1C32F25C46EE,271,1,1.0556640625
20A4E74DE0C3,272,1,0.919921875
22E55C32A973,273,1,1.1064453125
24E7F271035B,274,1,1.015625
2640CD15FE02,275,1,1.0888671875
2844FD2BF83B,276,1,1.03515625
294C41270CAB,277,1,0.98974609375
2B9C5C3BB7B9,278,1,1.10546875
2DF807DD1767,279,1,0.97412109375
2E5A5418F173,280,1,0.99853515625
2FFBE61E4B84,281,1,0.95556640625
37B0303FA993,282,1,0.98388671875
37BF4818673C,283,1,1.0693359375
388F31A9A1A1,284,1,0.9716796875
3899C281559F,285,1,0.9912109375
3A46873F3E37,286,1,1.0390625
3C693CBFEFB5,287,1,1.0546875
3D4475C949C2,288,1,1.0771484375
3DAC64829E27,289,1,1.01953125
3DC336733E9F,290,1,1.0458984375
3F4D8262235A,291,1,1.0732421875
41CE9804B226,292,1,1.1064453125
451321E506A6,293,1,1.01171875
453ACA22D3B4,294,1,1.001953125
46A196DFB54F,295,1,1.041015625
4844CF56336D,296,1,1.029296875
492ED47AC122,297,1,0.943359375
49DA281C7585,298,1,1.06640625
49F54A35F6F3,299,1,1.095703125
4BA9296EBE9F,300,1,1.07421875
4C40CE78F807,301,1,1.015625
4C6B05BD5A81,302,1,1.0458984375
4F7F24918F42,303,1,1.02734375
51A7C4616A18,304,1,1.0380859375
51EF8C7D4263,305,1,0.98828125
52DC3B7C3952,306,1,0.9462890625
52FEF34F4AC7,307,1,1.0576171875
573E39E45177,308,1,1.0625
59CD7BE99BD1,309,1,1.0537109375
5A533A7D1C03,310,1,0.9736328125
5C843C6BD232,311,1,0.9931640625
5E26C9276FE3,312,1,1.01171875
5EB7A0B134B4,313,1,0.9873046875
6060D28C05B6,314,1,1.0224609375
64EB91C84A32,315,1,1.0654296875
67984D18D30D,316,1,0.97119140625
69241D10E69A,317,1,0.95849609375
6B850987631D,318,1,1.01171875
6C9EE085A021,319,1,1.0380859375
6D21E6095A62,320,1,0.99560546875
6D39215A55E1,321,1,0.9609375
6D7CB0579AEE,322,1,0.9912109375
6E5F280580C4,323,1,0.95703125
7203112033A1,324,1,0.98095703125
72765D1D4721,325,1,1.0517578125
73D2B941F40F,326,1,1.064453125
776FBF88E6FF,327,1,1.0009765625
78C22313F58E,328,1,1.0205078125
7BC73C8FBDBC,329,1,1.0478515625
80C2ED8BE6A6,330,1,1.0263671875
812CBC21EE50,331,1,1.0537109375
82F7210163B5,332,1,1.041015625
84367AEE6898,333,1,1.009765625
869367F8A718,334,1,1.044921875
88816FFD8A5C,335,1,1.037109375
88860671767F,336,1,0.984375
8A0A3FE01FE7,337,1,1.01953125
8A8109553B2D,338,1,1.12890625
8B2CB9C1F189,339,1,1.0087890625
8D49AD0975A1,340,1,1.0810546875
8DA298718DD7,341,1,1.01171875
8DD09D4FCD4F,342,1,1.041015625
8E64BE4119C3,343,1,1.03515625
91377BE7D4ED,344,1,1.0244140625
9145AB74E1DA,345,1,1.017578125
9174D620243B,346,1,1.021484375
93D6E4071601,347,1,1.02734375
971004AB4EED,348,1,0.99169921875
9BD1C9E4C34F,349,1,1.0107421875
9C245C1269BA,350,1,0.97705078125
9DA131E0F720,351,1,0.9990234375
9EB7D09C785B,352,1,0.9873046875
9FDD8A146288,353,1,0.94384765625
A5073B74C615,354,1,1.013671875
A5E08B9B9392,355,1,0.96142578125
AB6284069E18,356,1,1.0419921875
ABAC4A93E9C0,357,1,1.0712890625
AC6348A7ECB4,358,1,0.9580078125
AC7AB280A93C,359,1,1.111328125
ACE3E472041C,360,1,1.048828125
ACEDBB3C81A0,361,1,1.0517578125
AD175892EC1C,362,1,0.96630859375
AD2EB78655F2,363,1,0.96630859375
AF96A2176FB7,364,1,0.93505859375
B0CD65C0DE1D,365,1,1.046875
B1C9C23EDE4E,366,1,0.978515625
B265B2EEBEDE,367,1,0.97021484375
B2DAE4CC6597,368,1,1.00390625
B32F41984B27,369,1,1.041015625
B38B9288E93D,370,1,1.1103515625
B5FF33681C22,371,1,1.0869140625
B659CCF9A5C5,372,1,1.0830078125
B7468C4DD17C,373,1,1.03125
B7ACED7ED339,374,1,1.044921875
B8206613E7D9,375,1,1.0322265625
B8D4D1B62526,376,1,1.0478515625
BB8064D7B327,377,1,1.015625
BD889A4D831B,378,1,1.0458984375
BD8D21AC238D,379,1,0.98828125
BE4764F7BFF1,380,1,0.9833984375
C056C8CB9E33,381,1,1.048828125
C15EBA5345BC,382,1,0.96923828125
C38334385924,383,1,1.048828125
C8F035B467A7,384,1,0.994140625
CA290993DFBA,385,1,1.046875
CBCA3CFF320B,386,1,1.0830078125
CC149CD4B584,387,1,1.0244140625
CEF302996231,388,1,1.060546875
D26C9B0368D0,389,1,1.0087890625
D2F9E8A1C2B4,390,1,1.0537109375
D5164250EE9D,391,1,0.96435546875
D58980F5EC66,392,1,1.005859375
DA2D92B73B67,393,1,1.017578125
DA8F8C0D6952,394,1,1.01171875
DCE82F61BE10,395,1,1.025390625
DD474E5804C0,396,1,1.052734375
DFCF2A3BE972,397,1,1.0361328125
E1DDD9115527,398,1,1.05078125
E3478C339A2B,399,1,1.0009765625
E382BBC2D88E,400,1,0.9892578125
E6B9A294B454,401,1,0.9716796875
E81B50098AAC,402,1,0.9541015625
E97D16349835,403,1,1.1396484375
EB274FBC904F,404,1,0.986328125
EBF9131A638F,405,1,1.0234375
ECE0D33B9B85,406,1,1.0048828125
ECF265A73C7E,407,1,1.025390625
F170C1A461F7,408,1,1.0654296875
F19F66A28B7E,409,1,1.05859375
F23D76828AF1,410,1,1.0556640625
F241492F8808,411,1,1.021484375
F4B3B2CAB030,412,1,0.98681640625
F800DF0813A5,413,1,1.0947265625
F8A1AC1C01D6,414,1,1.0419921875
F90A25704212,415,1,1.0458984375
FC5120C98AE7,416,1,1.00390625
FE01BAE235A1,417,1,1.05078125
FE69FBDD5681,418,1,0.9775390625
FF8BAC351714,419,1,1.037109375
0016926B079C,420,1,1.126953125
019BDC9DF7CD,421,1,0.93017578125
0201B7877AD3,422,1,1.08203125
0214F87B86C3,423,1,0.947265625
04D4F9F350F6,424,1,0.9833984375
06592F816295,425,1,1.0458984375
07414A338814,426,1,0.97216796875
09ADB0629CD0,427,1,1.01171875
0A082DA0A890,428,1,1.0654296875
0AFAD06336F3,429,1,1.0205078125
0C699C871AA5,430,1,0.978515625
1294A6CEEAC5,431,1,1.107421875
13AAAD860217,432,1,1.0107421875
163AC455E1DF,433,1,1.0263671875
1DD3D8CCFF56,434,1,1.01171875
2CE045D2EBA4,435,1,1.0322265625
2EB94A444839,436,1,0.98046875
332921BEC390,437,1,0.9521484375
80D2FE30F665,438,1,1.0
08E7FC23D9C9,439,1,1.130859375
0CD8EBE71768,440,1,1.07421875
13C78F5B1679,441,1,1.044921875
148CA62EF887,442,1,1.072265625
160552DF7DBA,443,1,1.0625
17E5C17F1A9F,444,1,1.0615234375
193591CD2E86,445,1,0.99951171875
19AE5A267720,446,1,1.013671875
21B7E5DC72D6,447,1,1.0654296875
24CB17912088,448,1,1.005859375
2761843E3DB6,449,1,1.046875
2AA1EBF61654,450,1,0.96875
2D8C767B44E7,451,1,1.09375
2D9481E29A45,452,1,1.0419921875
2F2A39B3108A,453,1,1.0068359375
2F889A4F325B,454,1,1.05859375
3178219EF1B3,455,1,1.0087890625
35BB08D0166E,456,1,1.0439453125
37A77BEAD718,457,1,1.078125
39DD51C9D811,458,1,0.9931640625
3BCA170070B3,459,1,1.0234375
3C11CE4316CA,460,1,1.1162109375
40714DE69215,461,1,0.9921875
44E1D37DCE9B,462,1,1.0244140625
47F56748F9C4,463,1,1.0498046875
4905342C1EF9,464,1,1.1435546875
490B52475D1E,465,1,1.056640625
541CC72DE4AE,466,1,1.0322265625
5C44B0B1C2E3,467,1,1.13671875
65E9951C2D75,468,1,1.1318359375
694238280A93,469,1,1.0380859375
6BBD726B840E,470,1,1.060546875
6C5A6D1D0C13,471,1,1.1064453125
712A59B74C91,472,1,1.0673828125
72733C55E566,473,1,1.1708984375
746E3F9129B7,474,1,1.021484375
765F4BB0381E,475,1,0.96142578125
76F88C948538,476,1,1.0615234375
771FA4E3B7A8,477,1,1.0341796875
7F3555304C81,478,1,1.08984375
7F74864D0865,479,1,1.0087890625
8C62721A56E0,480,1,1.0712890625
8E6CB58E9762,481,1,1.1435546875
8F47C4F378EA,482,1,1.078125
915D19B0AB77,483,1,1.001953125
99DD22237B48,484,1,1.0791015625
9C8126B25A26,485,1,1.0751953125
A850DCCFB6DE,486,1,1.03125
A924B3431D21,487,1,1.017578125
AE3C9DE4FA94,488,1,1.056640625
B2C131C2B3AB,489,1,1.0234375
BAA77B0FC943,490,1,0.9755859375
BC9FF8F01F0A,491,1,1.015625
C4804C3EEBD7,492,1,0.99755859375
C8F314FFCCE9,493,1,1.021484375
C93DCEE52172,494,1,1.060546875
D0DF7AB8B493,495,1,1.0458984375
D4F405361BB1,496,1,1.0810546875
D5BF9F290808,497,1,0.98828125
E2A9D1243AF9,498,1,1.037109375
E9C3211DC772,499,1,1.142578125
EB382D12574F,500,1,1.107421875
EB935594E696,501,1,1.05859375
ED8EE1F02203,502,1,1.072265625
F71859A3B336,503,1,0.9931640625
FAF658D1034B,504,1,1.056640625
FE4703854EB4,505,1,1.076171875
FEEA679DCBB3,506,1,1.0263671875
02F89B4E55CF,507,1,1.02734375
030E5538C3CA,508,1,1.0576171875
03259FDA2D4E,509,1,1.0537109375
14EDF2663558,510,1,1.07421875
1A8074C87C0A,511,1,0.9619140625
1B2F469FBC51,512,1,0.9658203125
1C2A0066C93C,513,1,1.1015625
1F11C3F72282,514,1,1.0361328125
2690D4B28188,515,1,1.0546875
2A0B8F686C8A,516,1,0.9404296875
2C283B3AD1F5,517,1,1.072265625
37E0CC5A4DFA,518,1,1.0283203125
3E5E0038C60A,519,1,1.0341796875
42026F24F38C,520,1,1.0478515625
520E61206962,521,1,1.03515625
52B9BBCFE9B9,522,1,1.0166015625
5A07C7A99A35,523,1,1.125
5A5C43DB8DE9,524,1,1.0400390625
5E259D12208D,525,1,1.0625
6320FA8D8D17,526,1,1.0322265625
66BB82BD76B2,527,1,1.041015625
6712CC202872,528,1,1.09375
67BCC0991109,529,1,1.0146484375
68D614933A4B,530,1,1.0771484375
6FC583876238,531,1,1.0048828125
7735B9C9FA0C,532,1,1.08203125
7F14D36AE046,533,1,0.98779296875
84B7C99A3E2E,534,1,1.0439453125
87B935C8336C,535,1,1.033203125
8C10A8ABF46D,536,1,1.009765625
8CC4BB80A674,537,1,1.00390625
8DDDD842BDDD,538,1,1.0537109375
97A5F803C874,539,1,0.966796875
9FC7CB71EF7B,540,1,1.052734375
A59032F47FAE,541,1,1.1640625
B10E3AABDC7C,542,1,1.0439453125
B18781945C73,543,1,0.96337890625
B23941DFCB72,544,1,1.0166015625
B5B6FDA75B5E,545,1,1.04296875
B717EF32EE00,546,1,1.0556640625
B7C3128E0973,547,1,1.037109375
B87D3E1BB6A8,548,1,0.9931640625
B99A12610C04,549,1,0.98291015625
BAF6A144BAAF,550,1,0.96435546875
BD784C4B5797,551,1,1.0537109375
BE134CD245B0,552,1,0.9873046875
BE2DEC1820C6,553,1,1.0205078125
C15D43BE8BD6,554,1,0.96533203125
C4AE4A806A75,555,1,1.0087890625
C87A10617D8F,556,1,1.046875
C9886768AC9F,557,1,1.1376953125
D1861C521BF7,558,1,0.97607421875
D2F390598EE0,559,1,1.103515625
D695AD08528F,560,1,1.0302734375
D77794179080,561,1,1.0244140625
D838758E1C18,562,1,1.099609375
DB1F750E70E1,563,1,1.0830078125
DFB0362070E2,564,1,1.029296875
E42790E7177D,565,1,0.98876953125
F82207B7F26C,566,1,1.0888671875
FEB736959AD7,567,1,0.99853515625
00755EA6AA06,568,1,1.041015625
015396BC3B8B,569,1,1.0888671875
01A4CE59DEBA,570,1,1.1103515625
01D9F8A6B312,571,1,0.97265625
031A3D7E5BC3,572,1,1.115234375
04217B837E28,573,1,1.0625
0548DE784D69,574,1,1.0458984375
05F5893A675F,575,1,1.056640625
06C5AA76CC91,576,1,1.05859375
099985A2A99C,577,1,1.0185546875
09E9E0717D9F,578,1,1.0322265625
09EE9A3D3248,579,1,1.13671875
0A656F31502A,580,1,1.1357421875
0C42AF896179,581,1,1.087890625
0D34A4F5331B,582,1,1.14453125
0DB652C52A3C,583,1,1.0322265625
0F987B0C7169,584,1,1.1318359375
0FD81A828336,585,1,1.1962890625
102F13317092,586,1,1.0771484375
10654E060DC0,587,1,1.1103515625
1073917E4351,588,1,1.091796875
11823089B61E,589,1,1.0849609375
1289C8AF32C4,590,1,1.1103515625
1294BC11F39F,591,1,1.09375
133AD1CA506C,592,1,1.0654296875
1387054A01CB,593,1,1.0732421875
1561823BC14C,594,1,1.0126953125
157F43E9A395,595,1,1.0693359375
15E106AF20A7,596,1,1.09765625
17C285AAB4CF,597,1,1.10546875
18348CF6A3F7,598,1,1.0078125
1B61ACF51694,599,1,1.0400390625
1B70C37BB945,600,1,1.052734375
1B8D0107E4CB,601,1,1.0419921875
1BC1E6EAB178,602,1,1.154296875
1D7E0B0F21BF,603,1,1.0654296875
1FB2C0AFFDA9,604,1,1.06640625
2082A512AC2C,605,1,1.05078125
208DBCFF585A,606,1,1.0947265625
20BD5D3ED22B,607,1,1.068359375
228D4E90A26F,608,1,1.0302734375
22C152CE5B3E,609,1,1.12109375
2327F7A3128C,610,1,1.03125
2414D2AF4D56,611,1,1.09765625
245B3A0C1A5D,612,1,1.048828125
27A795DC36BE,613,1,1.1318359375
2A53E83B0090,614,1,1.0498046875
2A82FA178ECB,615,1,1.1142578125
2AA5F0CAEC6A,616,1,1.0615234375
2AA884E22BE9,617,1,1.0703125
2B09B90BECB2,618,1,0.982421875
2B3601A69135,619,1,1.064453125
2B46876E1BED,620,1,1.0771484375
2B48EAC02BF3,621,1,1.009765625
2B573F9EF4B0,622,1,1.1142578125
2BB4081A9571,623,1,1.0703125
2C76C3434FE0,624,1,1.0830078125
2D1CABA0ED11,625,1,1.1416015625
2D35D2209C2C,626,1,1.06640625
2D9010823094,627,1,0.982421875
2DABAC90201A,628,1,1.044921875
2DC33D804E4A,629,1,1.013671875
2DEFAEAFFC12,630,1,1.126953125
2DF3C80E505A,631,1,1.0498046875
2E4A8624CB67,632,1,1.0517578125
2E67DBD40D46,633,1,1.1748046875
2F5792CF7382,634,1,1.0791015625
2F99EE4EDA27,635,1,1.009765625
2FBF5E60CF2A,636,1,0.97119140625
318CF7D2CA80,637,1,1.1025390625
31EAA9461D35,638,1,1.03515625
32A121824D02,639,1,1.0166015625
33F3FA5D5BC1,640,1,1.130859375
35DA1D474645,641,1,1.0791015625
360DAF43CFF9,642,1,1.056640625
3713AC622BFF,643,1,1.126953125
37D329C27338,644,1,1.0400390625
37D7B6975F21,645,1,1.0341796875
38F38B0E6F05,646,1,1.08203125
38F7DA3568ED,647,1,1.1044921875
392CA30BDC28,648,1,1.046875
39470521A315,649,1,1.015625
39CAEB5135DB,650,1,1.0390625
3B10FD21BF95,651,1,1.03515625
3BB9E5810173,652,1,1.0830078125
3BD4064486ED,653,1,1.07421875
3C9D9C9C1A16,654,1,1.1064453125
3D9CBC4F434F,655,1,1.1005859375
3DC83E501E90,656,1,1.0771484375
3E58B8D1B62F,657,1,1.095703125
3EA35A918A40,658,1,0.9580078125
3F0A1388CDCE,659,1,1.08984375
3F0C266099A0,660,1,1.130859375
3F823B5E7A78,661,1,1.0224609375
3FEF73E0889E,662,1,0.99853515625
3FF7998605A0,663,1,1.03125
413FE0669882,664,1,1.029296875
41CE5718C5EE,665,1,1.0537109375
41E37DB7A063,666,1,1.0703125
43BD07FC4EFC,667,1,1.076171875
43F38F3AAF7A,668,1,1.0390625
44A3E59E78D0,669,1,1.1484375
44B560256490,670,1,1.154296875
45CAF3C40DE5,671,1,1.0615234375
45EBD1AF6D37,672,1,1.1484375
4718867C1953,673,1,1.05859375
47953D11C79C,674,1,1.1044921875
48D8C7EC30A5,675,1,1.0859375
496F3A8F4F7D,676,1,1.169921875
4999CFA4E3BC,677,1,1.0732421875
4A3714A99D05,678,1,1.0966796875
4D2C67616599,679,1,1.10546875
4E889102AE54,680,1,1.04296875
4EBE610AF54A,681,1,1.11328125
4F9C8B013CA4,682,1,1.076171875
505316DE125D,683,1,1.0712890625
507CBD8E9670,684,1,1.1015625
5145FF65E5BE,685,1,0.98876953125
514ADDA113FD,686,1,1.099609375
51783D3C9884,687,1,1.0419921875
523E7B30B570,688,1,1.14453125
5353165D1A68,689,1,1.1416015625
535EB7130D11,690,1,1.1015625
5401F370E413,691,1,1.1083984375
545E6CB571E1,692,1,1.0849609375
54986FCA3028,693,1,1.146484375
567D7BBCEF48,694,1,1.21484375
56BC9B63B5DD,695,1,1.046875
56CA50B5DE17,696,1,1.0283203125
56E1A1651686,697,1,1.1259765625
575829738D7F,698,1,1.001953125
578C014A7BBE,699,1,1.0947265625
57CE6ED06513,700,1,1.09765625
59DD3EA75BBC,701,1,1.0595703125
5B368DDD3F8C,702,1,1.017578125
5B9FE6CD8325,703,1,1.0654296875
5CDAB6845C66,704,1,1.095703125
5D443A597805,705,1,1.01171875
5EBAC1048D81,706,1,1.0986328125
5F209EC4FAFE,707,1,1.013671875
5FD23AF412E3,708,1,1.0146484375
6.84E+11,709,1,1.08984375
60B21E600112,710,1,1.05859375
61ECCAC44988,711,1,1.0966796875
636950C6D238,712,1,1.103515625
65438F49477E,713,1,1.041015625
6572A07804F5,714,1,1.10546875
65A51681A3D4,715,1,1.0322265625
65C1010EFD70,716,1,0.9921875
6680CFA0A5FA,717,1,1.1279296875
679E08FE07E9,718,1,1.0791015625
67B4E798A5B4,719,1,1.0859375
69CD60305927,720,1,1.02734375
69EC06408ECC,721,1,1.1083984375
6A06F2980D1D,722,1,1.0048828125
6A49432C3001,723,1,1.0947265625
6A59039E0B75,724,1,1.0478515625
6A97E65BBE95,725,1,1.1484375
6B34AE0F8DBF,726,1,1.0693359375
6B4F37D30E7C,727,1,1.0517578125
6BE62D75C393,728,1,1.0703125
6C65888BFC01,729,1,1.1025390625
6C9BC5291AC0,730,1,1.1005859375
6CAE50193714,731,1,1.017578125
6D71BE450744,732,1,1.025390625
6D849307F079,733,1,1.060546875
6DFAF0C83FE9,734,1,1.0810546875
6E54DEB8CFA8,735,1,1.0224609375
6E818F7FC8E5,736,1,1.072265625
6ED825F9F077,737,1,1.0712890625
6F1AED0B940E,738,1,1.0712890625
6F9CC2F68E78,739,1,1.01953125
7056F34BCF9F,740,1,1.078125
7094F2B10D77,741,1,1.025390625
70C1BBD02DD5,742,1,1.1318359375
71B6B3BAAD43,743,1,1.06640625
71CF98E09876,744,1,1.0537109375
71D8C6F66395,745,1,1.064453125
71E646BD553B,746,1,1.0810546875
72D646FEEBCD,747,1,1.130859375
72EC6BF9671A,748,1,1.103515625
731BDB9899E5,749,1,1.0234375
73E967510324,750,1,1.072265625
7491C8556CDC,751,1,1.033203125
7500A3088217,752,1,1.078125
75215659EBB3,753,1,1.1767578125
7699AA6DF309,754,1,1.09375
76C3430373A4,755,1,1.1875
7704558907A5,756,1,1.060546875
7747C10E8713,757,1,1.0810546875
78283BDAF59E,758,1,1.08984375
7AD5A8A0B658,759,1,1.0615234375
7B6E2352663C,760,1,1.0654296875
7BC12E549AF3,761,1,1.033203125
7CA79A805C92,762,1,1.037109375
7EDFBE24CF70,763,1,1.0126953125
81A14F343EFB,764,1,1.0380859375
81DCA3B6B4F8,765,1,1.0283203125
822BF1CDB448,766,1,1.0458984375
83212281F410,767,1,1.0634765625
857459F8DD8D,768,1,1.0830078125
857543B701E0,769,1,1.0966796875
859F995E6AE7,770,1,1.0849609375
85DF590446F7,771,1,1.19921875
86C9035D2775,772,1,1.0546875
87B3D8A593F3,773,1,1.130859375
87E8F5BE0FBA,774,1,1.0712890625
88142980CC06,775,1,1.1640625
886FBC31233D,776,1,1.138671875
8A658A988B96,777,1,0.99072265625
8B19F3C51A0E,778,1,1.1669921875
8B4FAFA150A8,779,1,1.0390625
8C438E75385D,780,1,1.16015625
8D3BE9EAB1D5,781,1,1.0703125
8DBB56C6FE85,782,1,1.0859375
900BEEB28B8F,783,1,1.0537109375
907F017A332D,784,1,1.0107421875
912848EF6E5E,785,1,1.041015625
91BE694E60E0,786,1,1.01953125
9224F001F074,787,1,1.0908203125
93412723EE69,788,1,1.10546875
93E10E079796,789,1,1.1298828125
93E94C3BFE5B,790,1,1.0576171875
947603E543BD,791,1,1.0810546875
957EE90E67F9,792,1,1.0439453125
964639CCF90C,793,1,1.0390625
9652C3CE96B9,794,1,1.1015625
975C17CEBFEB,795,1,1.1298828125
99516F0F2057,796,1,1.0830078125
997CE2289B8D,797,1,1.0537109375
99D8B323FBB5,798,1,1.123046875
9A1DC81E4FB5,799,1,1.130859375
9A554EAE3123,800,1,1.0693359375
9C0027B60E3C,801,1,1.0712890625
9C9B14A8CB1C,802,1,1.19140625
9CC514380DD1,803,1,1.1083984375
9CCA38CB452F,804,1,1.0859375
9D42FF4BDA82,805,1,1.1083984375
9D6EC43089B1,806,1,1.0146484375
9DE0959F746D,807,1,1.1396484375
9E1B8D4EA6B0,808,1,1.125
9E631C8CBE24,809,1,1.0751953125
9F4AB89F0977,810,1,1.130859375
9F7BAFDB7636,811,1,1.220703125
9FBF8FD4AC42,812,1,1.0654296875
9FC90B9C6420,813,1,1.056640625
A0153C4F766F,814,1,1.1298828125
A07A05AD9104,815,1,1.05078125
A17FAA0B69B3,816,1,1.1708984375
A207D65E1242,817,1,1.0048828125
A236138C45D7,818,1,1.0693359375
A23A85805BF3,819,1,0.98388671875
A241F510FD0F,820,1,1.0595703125
A2DCB2389283,821,1,1.0771484375
A3041B0D7D5E,822,1,1.0693359375
A3B087D54848,823,1,1.0400390625
A3BB032558E2,824,1,1.0869140625
A3E9FFE283E3,825,1,1.017578125
A4FB165016A2,826,1,1.0888671875
A5E1EC0802BB,827,1,1.08984375
A615D47180DF,828,1,1.0849609375
A831BFD2DCBE,829,1,1.041015625
A85140714805,830,1,1.0478515625
A8D21847EA6D,831,1,1.1494140625
A93C6DA5B026,832,1,1.1220703125
AA221FA4011B,833,1,1.0341796875
AA23423F78A8,834,1,1.107421875
AB60653E4DF4,835,1,1.0458984375
AB6339FAFA83,836,1,1.09375
AB67AC2F7056,837,1,1.123046875
ABCAF2A8A893,838,1,1.12890625
AC42527080C6,839,1,1.0625
AD4CDEA8D87E,840,1,1.080078125
ADF8439EB6BB,841,1,1.0859375
AEA73706EE2E,842,1,1.119140625
B0EA4F7B076C,843,1,1.181640625
B10CB91548C8,844,1,1.0556640625
B1FDBC8F5BAB,845,1,1.0751953125
B24EE1A93A0B,846,1,1.02734375
B2CBF9664DE0,847,1,1.0341796875
B382F142AD2D,848,1,0.95654296875
B460B20EE678,849,1,1.048828125
B47DABE530F2,850,1,1.0986328125
B516D974076B,851,1,1.0087890625
B54811F6BB97,852,1,1.0478515625
B65E51FC6758,853,1,1.1015625
B6695545FC89,854,1,1.0966796875
B79ABAFC71D1,855,1,1.04296875
B7AE34990F95,856,1,1.0234375
B87C526D4939,857,1,1.017578125
B8910F08938D,858,1,1.021484375
B8C06B8720EA,859,1,1.072265625
B8D9250543E0,860,1,1.11328125
B9854217BB04,861,1,1.1455078125
BB8B609FE966,862,1,1.05078125
BC100C3DCE76,863,1,1.1181640625
BC22AA8852AD,864,1,1.0703125
BCEBA1D60DFD,865,1,1.12890625
BD0B0FC905B0,866,1,1.0595703125
BDAAE2AE7BA8,867,1,1.095703125
BDB0B088F383,868,1,0.98876953125
BECE5A864891,869,1,1.0400390625
BFCB0275C205,870,1,1.005859375
C0767A86EFA6,871,1,1.0009765625
C196DA0C7688,872,1,0.99951171875
C1B1FC1F48AB,873,1,1.0712890625
C36EB14E857E,874,1,1.0390625
C405CB0C12D2,875,1,1.1181640625
C4C6482B9C24,876,1,1.0810546875
C4D337EB3C89,877,1,1.0498046875
C5B3EC7CBE65,878,1,1.08984375
C6BD7BC844E8,879,1,1.1376953125
C6CC52B30602,880,1,1.0830078125
C7142A26576B,881,1,1.052734375
C73873C693E4,882,1,1.0791015625
C836CCC60538,883,1,1.12890625
C977BF624065,884,1,1.068359375
CA00B5944124,885,1,1.1259765625
CC5B9296DE9B,886,1,0.9990234375
CD60AD20D71B,887,1,1.0302734375
CDF9E0357692,888,1,1.0087890625
CE080C7C454B,889,1,1.0205078125
CEA8A1C74F15,890,1,0.9765625
CF5B07AFF66D,891,1,1.1474609375
CF5E22D8DEBB,892,1,1.1376953125
CF8A94B2CB3A,893,1,1.0810546875
CF91D7E2E478,894,1,1.07421875
D04FFF579D2D,895,1,1.1123046875
D0B6CE1FA38E,896,1,1.1279296875
D104A552BB7A,897,1,1.140625
D2BF0D341FEF,898,1,1.072265625
D5F571E83196,899,1,1.0771484375
D67BA770AB5C,900,1,1.1005859375
D75BACBBB288,901,1,1.068359375
D85690C1836A,902,1,1.134765625
D9E20EC397C6,903,1,1.095703125
DB0E754610DB,904,1,1.05859375
DBCF8BAE6583,905,1,1.029296875
DBDCC2CAB0BD,906,1,1.0634765625
DC4E11A259D8,907,1,1.0615234375
DCA515BA4267,908,1,1.08203125
DD0CD2B6F7CB,909,1,1.064453125
DF4E1B5910B6,910,1,1.109375
DF81E256BF82,911,1,1.05078125
E088D1A59F4C,912,1,1.158203125
E0BC2294DD8B,913,1,1.111328125
E0CF4993483B,914,1,1.0771484375
E114EF35BC66,915,1,1.0771484375
E145EE17F740,916,1,1.0693359375
E22EDA0278ED,917,1,0.99267578125
E2331FEC7D4C,918,1,1.0693359375
E2A544B069F1,919,1,1.076171875
E3CCB7ECC75F,920,1,1.0732421875
E43EC35834FB,921,1,1.0703125
E553C3AB4595,922,1,1.04296875
E68C7BE94DC1,923,1,1.1220703125
E6B00E088C29,924,1,1.060546875
E7276788F5CF,925,1,1.1455078125
E761F2D336BF,926,1,1.0537109375
E90D33CC0FD9,927,1,1.0126953125
E97670F90297,928,1,1.06640625
EA0266080005,929,1,0.95703125
EA485A2E96A8,930,1,1.1103515625
EA9FCAE3C575,931,1,1.1416015625
EBFFDD16EBE4,932,1,1.033203125
EC9EFB9993D4,933,1,1.0634765625
ED2432D54B08,934,1,1.0751953125
EDD12BA31EE3,935,1,1.1005859375
EF248B197113,936,1,1.046875
EFD320B985D6,937,1,1.0791015625
F0117C347C4A,938,1,1.02734375
F11C0DCB69A5,939,1,1.0791015625
F25A1084D2A5,940,1,1.08203125
F28610E34CDE,941,1,1.046875
F2AE26666823,942,1,1.1171875
F2D89425BF9C,943,1,1.1396484375
F36E4C217F66,944,1,1.0869140625
F5D821297BA8,945,1,1.0810546875
F5EFE72B5E63,946,1,1.056640625
F63F47E95B90,947,1,1.03515625
F6D551EC40F9,948,1,1.044921875
F6ECC2B2AE10,949,1,1.09765625
F6F8929C3714,950,1,1.0927734375
F76B24B4AB78,951,1,1.109375
F8259E04E6A4,952,1,1.095703125
F8604E860216,953,1,1.0986328125
F88808130618,954,1,1.150390625
F8BC10E247D6,955,1,1.064453125
F9531F4E4575,956,1,1.1376953125
F9809C77F3F2,957,1,1.091796875
FA03BD616C6B,958,1,1.109375
FA15A1E3BF2C,959,1,1.18359375
FA619612BB82,960,1,1.1171875
FB1553163CF5,961,1,1.0908203125
FB3850CF775C,962,1,1.099609375
FB6C139752AA,963,1,1.05078125
FBF9D2EFA26F,964,1,0.9970703125
FC094F0B385D,965,1,1.03515625
FD15CD8208FC,966,1,1.0859375
FDFEDB4A87C9,967,1,1.0830078125
FE57FFEC9F4A,968,1,1.1064453125
FE753233249B,969,1,1.0390625
FF85BE667361,970,1,1.0400390625
01612EE431CC,971,1,1.1201171875
016A837B94F5,972,1,0.96435546875
01B52B1D14F8,973,1,1.0537109375
021663FD2F2E,974,1,1.1083984375
02A202213790,975,1,1.01953125
037059DAD8EF,976,1,1.02734375
052BD823F2E5,977,1,1.0546875
0581A6F4E804,978,1,1.0478515625
06B8BE0A0B31,979,1,1.0205078125
081A0EDC2648,980,1,1.0771484375
0873F94DA728,981,1,1.0625
08C0A3DF5802,982,1,1.03515625
0A869157413A,983,1,1.02734375
0AB5C0C20670,984,1,1.060546875
0ACB0E08934E,985,1,1.130859375
0AF5343C0F78,986,1,1.017578125
0B3AF801DF31,987,1,0.95556640625
0BCD6C24589E,988,1,1.072265625
0D7FAACC389B,989,1,1.0107421875
0DEDD9E3222F,990,1,1.0966796875
0E7623B59290,991,1,1.0615234375
0E8E64439570,992,1,1.046875
0F8513BFBB6C,993,1,1.0947265625
10CBDD983149,994,1,1.09375
1134E5131492,995,1,1.080078125
121DCFFBC671,996,1,1.0283203125
12C5A35EFF2A,997,1,1.0498046875
12DB0A4C8044,998,1,1.0439453125
13154AD7E3C6,999,1,1.0498046875
137D6A21D7F1,1000,1,1.0888671875
14236F6FEAD6,1001,1,1.0966796875
1499841F4EB8,1002,1,0.96728515625
15810FF4CB38,1003,1,1.1552734375
15B8F793134D,1004,1,1.087890625
16364DA86C3D,1005,1,0.96826171875
16732FC08C66,1006,1,1.076171875
172FD130ABD5,1007,1,1.08203125
1748EF8A5B22,1008,1,1.029296875
19F9DDC5E549,1009,1,1.1328125
1A0C188A87EB,1010,1,0.982421875
1A26AFD79998,1011,1,1.068359375
1AF108167F91,1012,1,1.0859375
1B47AFB3E7AC,1013,1,1.041015625
1BDDBCF9B071,1014,1,1.0634765625
1C9693E27251,1015,1,1.021484375
1CB94A9B77DC,1016,1,1.017578125
1D6D338A6BA2,1017,1,0.97314453125
1DC7F82830D6,1018,1,1.02734375
1DEDB886B240,1019,1,1.1630859375
1EE05F854764,1020,1,1.08203125
1EE7B96B426A,1021,1,1.044921875
1F2B26DEF4B4,1022,1,1.12109375
218490FD2E1B,1023,1,1.12890625
21DB44529744,1024,1,1.060546875
22B559FB5DFB,1025,1,1.07421875
23968A5EA064,1026,1,0.9921875
23A195AB438D,1027,1,1.0390625
25FA01853A35,1028,1,1.001953125
25FF1315AD6E,1029,1,1.0283203125
26077CB12CB0,1030,1,1.0009765625
261410C78D28,1031,1,1.0537109375
271011381AB9,1032,1,1.111328125
284D36011581,1033,1,1.0224609375
285D4F815B44,1034,1,1.083984375
29C56EF2E579,1035,1,1.07421875
29D9B49F8CDF,1036,1,1.0234375
29DEA3E5DA18,1037,1,0.9912109375
2A11D62ACDDA,1038,1,1.146484375
2A1BAB5C82FE,1039,1,1.0908203125
2B2696900DDF,1040,1,1.091796875
2B2CA9F91879,1041,1,1.041015625
2B2D470DD5A2,1042,1,1.1064453125
2B5560516314,1043,1,1.07421875
2C4272F02823,1044,1,1.021484375
2CF5EC4E36F2,1045,1,1.052734375
2D08A68E70CD,1046,1,1.0966796875
2E21A00D92BC,1047,1,1.0703125
2E345725190C,1048,1,1.0244140625
2E9B5CD4716D,1049,1,1.11328125
2FD5E4852667,1050,1,1.01953125
300FF3D97F1C,1051,1,1.0380859375
30A900519B84,1052,1,1.1630859375
31F109F70507,1053,1,0.95458984375
3206B93DCCE4,1054,1,1.1611328125
325FE13C0550,1055,1,1.083984375
3679FD464B98,1056,1,1.1484375
36F89CC566E6,1057,1,1.0830078125
37E92AE1EE00,1058,1,1.0146484375
384D9E9B4369,1059,1,1.111328125
3936CD2D8CF3,1060,1,1.0283203125
39D60268FE94,1061,1,1.05078125
3A79363D6FB4,1062,1,1.083984375
3BE469D14525,1063,1,1.0849609375
3C55E492D3F1,1064,1,1.0732421875
3CB70E47603E,1065,1,1.0224609375
3DA49C7B4B14,1066,1,1.080078125
3EAFD5EF3E21,1067,1,1.0068359375
3EE3AFE0447D,1068,1,1.0341796875
3EF3E5B52108,1069,1,0.99267578125
3F98D44407D0,1070,1,1.02734375
3FD3D46D72B7,1071,1,1.099609375
401226E7EF51,1072,1,1.08984375
407CDC6692CA,1073,1,1.0546875
417CEC19CAD5,1074,1,1.0966796875
41C1CA3C7BB3,1075,1,1.06640625
42017C1963DB,1076,1,1.0908203125
42320FFF7304,1077,1,1.033203125
425B6E662EE5,1078,1,1.0419921875
42EDEB88B813,1079,1,1.1025390625
43E7F29EC341,1080,1,1.037109375
44097BA9A171,1081,1,1.0537109375
445FC339B11B,1082,1,1.1083984375
4483D41956AE,1083,1,1.0654296875
44975DEF87EC,1084,1,1.0234375
44BD004D9B29,1085,1,0.98388671875
453782F3E15C,1086,1,1.1826171875
455D0FE2839E,1087,1,1.1181640625
45C0A94A1668,1088,1,1.0830078125
4895FD6B8393,1089,1,1.0859375
494A7909D20A,1090,1,1.07421875
49CC4EA5F3AF,1091,1,1.068359375
49ED588E79B1,1092,1,1.0205078125
4A5297AE5BB8,1093,1,1.0263671875
4A8383F42E69,1094,1,0.9375
4AE962B7BDAA,1095,1,1.044921875
4BB22B627339,1096,1,1.04296875
4BDFA2752BDF,1097,1,1.0087890625
4C0EB60473E1,1098,1,1.0654296875
4DD3D787193A,1099,1,1.091796875
4DFD21498F8A,1100,1,1.015625
4E2B21AF8C1D,1101,1,1.1103515625
4F2411BA214D,1102,1,1.0556640625
4FFC4DB08B42,1103,1,1.0625
51D38A8BF1A5,1104,1,1.1689453125
53E6A71823D3,1105,1,1.0126953125
5448F119688D,1106,1,1.0712890625
54537C49501D,1107,1,1.0517578125
547FAEEA4126,1108,1,1.0419921875
548D9A2163BE,1109,1,1.0185546875
54F2FE78DA79,1110,1,1.04296875
5503B0FB1886,1111,1,0.95263671875
558101C8F52A,1112,1,1.0654296875
55D07D14B354,1113,1,1.009765625
561B40558116,1114,1,1.1162109375
56A21776B470,1115,1,1.1318359375
56ECA100D97A,1116,1,1.1064453125
573A550002C0,1117,1,1.0048828125
5806F59FB3C4,1118,1,1.04296875
5875D6BFC687,1119,1,1.0927734375
59B20B627F41,1120,1,1.0537109375
59D72A2EE874,1121,1,1.1123046875
59F068C71B96,1122,1,1.0185546875
5A230824A066,1123,1,0.9912109375
5A24112EF1C8,1124,1,1.0400390625
5AF04068D0B9,1125,1,1.0419921875
5B5FFDB3C761,1126,1,1.02734375
5BEB7EE5A93F,1127,1,1.041015625
5C2B6A9275A3,1128,1,1.060546875
5C5D2AC26FF4,1129,1,1.04296875
5C7BD98F4B35,1130,1,1.0048828125
5CAA0D5849FD,1131,1,1.046875
5E75A1B48D17,1132,1,1.0390625
5E8BECE0067B,1133,1,1.0908203125
5E98AE1FEA8E,1134,1,1.119140625
5EB1944E4C52,1135,1,1.056640625
5EEA3BC97307,1136,1,1.0771484375
5F3345B72316,1137,1,1.015625
606501D4CDA5,1138,1,1.0439453125
6194CD3215CB,1139,1,0.89990234375
61BABBBB9822,1140,1,1.091796875
61BCD6DC1C28,1141,1,0.95361328125
6280CD375AE2,1142,1,1.0302734375
629637C69551,1143,1,1.052734375
62C8CACA3CD3,1144,1,0.994140625
6300E798D425,1145,1,1.0654296875
634848B2D08C,1146,1,1.1357421875
63505584F864,1147,1,1.0849609375
63AED9818C9A,1148,1,0.96923828125
63E0FB4AB21E,1149,1,1.1123046875
64551673D7DB,1150,1,0.994140625
65294244625A,1151,1,0.98583984375
675CA464322A,1152,1,1.0458984375
67F2B24AB779,1153,1,1.0927734375
688370E9E6F1,1154,1,1.076171875
68B6142F4EA9,1155,1,1.0439453125
6907A336C38F,1156,1,1.1572265625
692AAF414888,1157,1,1.0908203125
69C14FD07D1E,1158,1,1.1318359375
6A19B9DAF853,1159,1,1.0478515625
6A27913C2806,1160,1,1.0654296875
6C2198B70719,1161,1,1.0322265625
6CA078E0C93F,1162,1,1.0498046875
6CD8A2E7BAA7,1163,1,1.0869140625
6D6215C23989,1164,1,1.037109375
6E18981CEAAD,1165,1,1.068359375
6E247490B0F8,1166,1,1.04296875
6F8ACB0F6B32,1167,1,1.123046875
70954F3B8FBC,1168,1,1.033203125
70F8687E59CC,1169,1,1.1259765625
710EFFD2AFE1,1170,1,1.01953125
711483807C59,1171,1,1.080078125
714651DE19D4,1172,1,0.98095703125
7154C7EE3051,1173,1,1.0166015625
7196839372C6,1174,1,1.0478515625
72507ADE3130,1175,1,1.0625
7256CB0DF808,1176,1,1.06640625
726ADA01701F,1177,1,1.0361328125
728610F3098D,1178,1,1.056640625
72A8B2C70288,1179,1,0.984375
72EFD2C9BABA,1180,1,1.0244140625
730D11B13BA1,1181,1,0.955078125
73A466127520,1182,1,1.0712890625
73E31A7D5720,1183,1,1.0576171875
7411073C7A94,1184,1,1.0263671875
747B06CF4DA3,1185,1,1.0576171875
74D0BA756BD1,1186,1,1.08984375
7538BF9FA97F,1187,1,1.0380859375
75A613E09762,1188,1,1.1123046875
761A7768C8A0,1189,1,1.09765625
7648FAFE46A5,1190,1,1.076171875
771C64337FED,1191,1,1.044921875
77C02EBB6626,1192,1,1.12890625
789487D9748D,1193,1,0.98974609375
7AFF516471C0,1194,1,1.0107421875
7BF2EA4A164C,1195,1,1.00390625
7BF51B3CDC26,1196,1,1.05078125
7C4B36428EC3,1197,1,0.9921875
7CF49F831E85,1198,1,1.0576171875
7D0DC6F08EB2,1199,1,1.029296875
7D5AFF357288,1200,1,0.9677734375
7D9F1CFFFC95,1201,1,1.091796875
7E37567419F5,1202,1,1.0615234375
7E88E90AE886,1203,1,1.1728515625
7E95C01172E4,1204,1,1.05859375
803A47175851,1205,1,1.06640625
8107316955FB,1206,1,1.041015625
81B251CC3DF6,1207,1,1.0625
821972DE4E6C,1208,1,1.046875
82721F205A18,1209,1,1.0595703125
829C81C42B5F,1210,1,1.08984375
82B175592A9D,1211,1,1.119140625
836FA0B194DC,1212,1,1.00390625
8439B0D3B7DC,1213,1,1.0751953125
8459600E47B0,1214,1,1.0244140625
84DDA9460E91,1215,1,1.0869140625
84F179DFCFC9,1216,1,1.0361328125
852FFC3A2437,1217,1,1.1484375
85BB61E8083B,1218,1,1.1005859375
86195F4F73D6,1219,1,1.041015625
866DBF36BC7C,1220,1,1.064453125
867EF1C28329,1221,1,0.978515625
86A74374E724,1222,1,1.03125
86ADA132EC8A,1223,1,0.99951171875
87ABD416A9CF,1224,1,1.01171875
882808C92A6E,1225,1,1.05859375
88755B067B5C,1226,1,1.03515625
887BBBE0CCC5,1227,1,1.04296875
8944DA0627DE,1228,1,1.111328125
897B3478DC01,1229,1,1.1015625
89BA72AAF3E4,1230,1,1.1435546875
8A533A6E8808,1231,1,0.97509765625
8B882092B4A7,1232,1,1.02734375
8C155B1DA8DD,1233,1,1.0322265625
8C72937FEEAF,1234,1,1.0478515625
8C7464101130,1235,1,1.076171875
8C93D556C297,1236,1,1.037109375
8D9E17C7761E,1237,1,1.02734375
8DFB375E3159,1238,1,1.10546875
8E2174964041,1239,1,1.103515625
8F2DE1AB0229,1240,1,1.1318359375
9.95E+11,1241,1,1.037109375
900946DF525A,1242,1,1.1943359375
902A59ECB525,1243,1,1.0478515625
90DE3D7217AF,1244,1,0.986328125
910B844ACCA1,1245,1,1.06640625
917BFBA9C5C7,1246,1,1.125
9186F7E77244,1247,1,1.0341796875
91AF8A6D94F9,1248,1,1.0126953125
9222974EDC10,1249,1,1.09765625
922D3C44BE46,1250,1,1.0341796875
925C7FFD12C9,1251,1,1.0595703125
928548A07586,1252,1,1.0283203125
93203D30E46D,1253,1,1.0849609375
939F53184F2B,1254,1,1.0322265625
94FA416BACF7,1255,1,1.11328125
950B2DB2D8B8,1256,1,1.0546875
951A053453C0,1257,1,1.0478515625
95FE7FC98A67,1258,1,1.0703125
96BE54D89B5F,1259,1,1.08984375
983925C8CFCF,1260,1,1.1162109375
98606EADD114,1261,1,0.99853515625
9922F6B9A55B,1262,1,1.072265625
9ACB5E4659DA,1263,1,1.0234375
9B0EBE9AD33F,1264,1,1.029296875
9B4D623F1D2A,1265,1,1.0693359375
9C0B44764ED8,1266,1,0.9541015625
9CED3E8B8E0B,1267,1,1.033203125
9DC1EE4E5674,1268,1,1.0556640625
9DD9806F1035,1269,1,1.095703125
9FAEE71C268E,1270,1,0.94287109375
9FD63A312A5D,1271,1,1.005859375
A0D4D5DD8D7F,1272,1,1.1298828125
A11D007DBECD,1273,1,1.05859375
A1DE6431B26F,1274,1,1.1201171875
A27FFF687F43,1275,1,1.0751953125
A46EAAB63CD6,1276,1,1.0087890625
A65A82E9C85D,1277,1,1.078125
A6A21895ADF9,1278,1,1.0634765625
A84FCF650361,1279,1,1.048828125
A8A25F94F5B6,1280,1,1.1103515625
A950C6EE7BD3,1281,1,1.03125
A976BF9EE7D0,1282,1,0.96435546875
A997421CCAF8,1283,1,1.0595703125
A9B0314D6914,1284,1,1.0185546875
A9D0965F0ABC,1285,1,0.951171875
AA0660FA9196,1286,1,1.0087890625
AA5DACC2CA82,1287,1,1.06640625
AB13FD63B7AE,1288,1,1.08203125
AB31DD5907FA,1289,1,1.09375
AE4B0365F36A,1290,1,1.060546875
AE6E407DC359,1291,1,1.080078125
AFD2F21F9158,1292,1,1.0380859375
AFD739EDDEA9,1293,1,1.1171875
B05BB65D7544,1294,1,1.009765625
B0B6E65301EB,1295,1,1.0732421875
B0DB49483D7C,1296,1,1.0458984375
B24B2CA13899,1297,1,1.0966796875
B36454F4433B,1298,1,0.96875
B37E64E1BE1E,1299,1,1.0830078125
B3C2E6274311,1300,1,1.052734375
B3F446BF0A11,1301,1,1.1015625
B404C9B45527,1302,1,1.0595703125
B45B48157399,1303,1,1.0419921875
B4D69395EE8C,1304,1,1.0341796875
B5838ACCDBA5,1305,1,1.0048828125
B5CE3C6DAAD9,1306,1,1.0419921875
B6680459407E,1307,1,1.06640625
B81FEF759FD2,1308,1,1.0673828125
B859B86268ED,1309,1,1.0693359375
B87A278D92A9,1310,1,1.05859375
B93581E854BD,1311,1,1.06640625
B980560F68EA,1312,1,1.0732421875
B99F3DFB644E,1313,1,1.162109375
B9D9B02EFC86,1314,1,1.01953125
BAC14C5693CD,1315,1,1.0869140625
BBBB5C4705E5,1316,1,1.0673828125
BDA93024CF81,1317,1,1.0849609375
BDD4F08F1EBD,1318,1,0.962890625
C1FBD0BAD43E,1319,1,1.12890625
C21E1457C1D4,1320,1,0.98828125
C275B257FC61,1321,1,1.0673828125
C45E9495A7B1,1322,1,1.0283203125
C51A802386C6,1323,1,1.1376953125
C520733738FF,1324,1,1.0322265625
C5C81327D129,1325,1,1.091796875
C5E9CD08171C,1326,1,0.9296875
C6053D243E75,1327,1,1.0830078125
C6FAF1DE9A21,1328,1,1.0341796875
C70A5238A804,1329,1,1.1142578125
C8B5DFD78D43,1330,1,1.0908203125
C91254C19BB8,1331,1,1.06640625
CAB752D5239B,1332,1,1.189453125
CACD190CAD6D,1333,1,0.96240234375
CAE3599F8A91,1334,1,1.044921875
CB2D608AA358,1335,1,1.0556640625
CC3A5AD37340,1336,1,1.02734375
CC74792CC418,1337,1,1.05078125
CCBBA6B4BB07,1338,1,1.0634765625
CCD4A267FA68,1339,1,0.990234375
CCE722F17666,1340,1,1.095703125
CD53C96A70EB,1341,1,1.0419921875
CDBECBAD7FCE,1342,1,1.01171875
CDBF3A48F1C9,1343,1,1.0947265625
CE33B0E35C38,1344,1,1.052734375
CE5A5A557889,1345,1,0.9775390625
CF48D9415493,1346,1,1.171875
CFCA2A951F8C,1347,1,1.021484375
D009E936725E,1348,1,1.07421875
D132F97DF203,1349,1,1.0
D1A48B024123,1350,1,1.0390625
D2477622E86A,1351,1,1.0703125
D2F937C1BF96,1352,1,1.1962890625
D354672BB38F,1353,1,1.13671875
D3C29EDF49CA,1354,1,0.9775390625
D3F5104B809F,1355,1,1.048828125
D45032FAE402,1356,1,1.0556640625
D58068F370E5,1357,1,1.0576171875
D582384A4FE6,1358,1,1.013671875
D5D1E85B3EC4,1359,1,1.0029296875
D62FE0481D99,1360,1,0.89501953125
D67D723785A7,1361,1,1.0361328125
D6894F3B6F22,1362,1,1.041015625
D6CB8B37F0C0,1363,1,1.0146484375
D6CFA044194E,1364,1,1.146484375
D7E3E2DE0F87,1365,1,1.0947265625
D84737B6CDEB,1366,1,0.97900390625
D98C0F80A7A3,1367,1,1.015625
DA1152F234BB,1368,1,1.109375
DAC38F08D43E,1369,1,1.1083984375
DB58FD0171CD,1370,1,1.048828125
DC66147D4EFD,1371,1,1.0390625
DD3F7252F887,1372,1,0.96337890625
DD627EE5CB27,1373,1,1.021484375
DDA2A181F486,1374,1,1.033203125
DDFC1E7E2D8E,1375,1,1.0576171875
DF44B7B148CC,1376,1,1.0576171875
DFB8926469DE,1377,1,1.16015625
E04E83CEF5DA,1378,1,1.0546875
E06BC5C80780,1379,1,1.06640625
E0A58A6BAEFD,1380,1,0.95556640625
E0E527C91133,1381,1,1.0615234375
E12511F34C8F,1382,1,1.0888671875
E1AEAF1C9CBB,1383,1,1.01171875
E1BFD7E344FA,1384,1,1.0263671875
E25288519486,1385,1,1.0361328125
E262AB2DDDF9,1386,1,1.1083984375
E2A07EFFFA7E,1387,1,1.04296875
E313B4A45475,1388,1,1.0107421875
E4824CBFEEBD,1389,1,1.109375
E49CCE901992,1390,1,1.091796875
E4B4D7DE60E3,1391,1,1.0146484375
E4E9CB27B89F,1392,1,1.041015625
E5CFC05647BA,1393,1,1.072265625
E5F4C8EB99A4,1394,1,1.0810546875
E60EB5C35194,1395,1,1.0341796875
E8DD7458130E,1396,1,1.087890625
E90C38838F04,1397,1,1.05859375
E90DC0CBE28E,1398,1,1.01171875
E9415526F0C1,1399,1,1.078125
E9A9C197998E,1400,1,1.00390625
EA2BAEFCE4F2,1401,1,1.0947265625
EA4763734037,1402,1,1.0927734375
EAC3A4000B11,1403,1,1.0556640625
EB10F93974CA,1404,1,1.1474609375
EBE2C60113FA,1405,1,1.0390625
EC7C81E59E9E,1406,1,1.0556640625
ECAAD9CD08F3,1407,1,1.0380859375
ECEDF53FDB35,1408,1,1.0810546875
EDAF3096F6D6,1409,1,1.0205078125
EE003057790E,1410,1,1.0732421875
EE124B50538D,1411,1,1.0791015625
EE377D38C330,1412,1,1.1015625
EE3B284C78F0,1413,1,1.01953125
EE5D005B6E0C,1414,1,1.087890625
EF4A8295E857,1415,1,1.005859375
F05FD0FAC22E,1416,1,0.9794921875
F0BD0306A444,1417,1,1.1171875
F0F0CD67E436,1418,1,1.0
F13CB30C118B,1419,1,1.0556640625
F1AFDB5CEB25,1420,1,1.0263671875
F25D992A96B7,1421,1,1.0078125
F2A25577E8C7,1422,1,1.09765625
F2C9CE519B33,1423,1,1.0791015625
F304843E97FC,1424,1,1.01953125
F3EAB47CFB74,1425,1,1.10546875
F43C0704F513,1426,1,1.1552734375
F479E11D13A5,1427,1,1.126953125
F4DB6C7A51BA,1428,1,1.0078125
F57F78783064,1429,1,0.89208984375
F670DB98FBB2,1430,1,0.97998046875
F682F859D633,1431,1,1.0673828125
F6DA839FE9AF,1432,1,1.02734375
F827748E1D31,1433,1,1.001953125
F8DB3025B057,1434,1,1.0615234375
F8FFE84D9E9E,1435,1,1.0537109375
F912EB3A5AC2,1436,1,0.9521484375
F95D5E35B4C1,1437,1,1.1181640625
F983201E8CB1,1438,1,1.130859375
F9C6755F2B33,1439,1,1.0263671875
F9FFECDE9A53,1440,1,1.0498046875
FA79F7078769,1441,1,1.0205078125
FB816F612E4D,1442,1,1.126953125
FC27ECB471A4,1443,1,1.08203125
FC5C7E89577A,1444,1,1.0556640625
FCF3609BF4E8,1445,1,1.095703125
FCF6588BC52B,1446,1,1.0498046875
FD8570E71F4A,1447,1,1.0693359375
FE1DEACABE37,1448,1,1.01953125
FED925296F42,1449,1,1.033203125
FF7164909305,1450,1,1.0869140625
FF7CFFBFE0F7,1451,1,1.1337890625
FFD97A99CEBA,1452,1,1.064453125
FFDE8B89BCF1,1453,1,1.052734375
000E6DE9E817,1454,1,1.03515625
00299B378633,1455,1,0.978515625
01B44DA627B6,1456,1,0.98291015625
038480498E5A,1457,1,1.0234375
05A0DA9580E5,1458,1,0.9775390625
0949D328CAC8,1459,1,1.021484375
0B4FAC7A4A8B,1460,1,1.048828125
0CB7BE27C466,1461,1,0.9697265625
0DEA400FB9F8,1462,1,1.0087890625
12AAF9C7C266,1463,1,1.03125
14E573422FEA,1464,1,1.0205078125
1E9789CE290E,1465,1,0.86669921875
1F8012FFBEBE,1466,1,1.037109375
20F2A0811902,1467,1,1.037109375
2568B64DB374,1468,1,1.009765625
26788B95F2F2,1469,1,0.97412109375
27778596AFD5,1470,1,1.072265625
28A7B5B9219E,1471,1,1.044921875
2909EE180A2A,1472,1,1.10546875
2CC4B554C694,1473,1,1.0107421875
2FD3B620DE15,1474,1,0.9677734375
32D0A06A0A23,1475,1,1.052734375
3364D48B3E73,1476,1,0.90283203125
3C442451101C,1477,1,1.0595703125
3CA8DFA49511,1478,1,0.9921875
3F443A810D91,1479,1,0.91796875
4231D38F38CA,1480,1,0.9873046875
5D3A82DB2443,1481,1,1.0654296875
606C4015BD6B,1482,1,0.9609375
639AB094CEB1,1483,1,0.88525390625
6415C4D644EE,1484,1,1.0869140625
709156BCF733,1485,1,1.0166015625
7820048B53C8,1486,1,1.01171875
7F616F0C4D8F,1487,1,1.056640625
80FCBE64AC16,1488,1,1.0029296875
82618B162AAC,1489,1,1.0068359375
849BE041D1C8,1490,1,1.01171875
8593D649EBE4,1491,1,0.99365234375
867A58ACE30E,1492,1,1.0107421875
87B9974CE965,1493,1,1.03515625
88FA9C1FF56D,1494,1,1.072265625
8B9EEF86DD66,1495,1,0.92236328125
9000217714BE,1496,1,1.0634765625
91B88A23A5E4,1497,1,1.013671875
9359778E21C2,1498,1,1.00390625
942D557570C9,1499,1,0.94873046875
94DC89CA8F6B,1500,1,1.0888671875
9F44BE9A9EDF,1501,1,0.98291015625
A8BED0503A7D,1502,1,1.04296875
ADADD3AF30B1,1503,1,0.978515625
B5DF4C1B3866,1504,1,1.0830078125
B6F445EE304C,1505,1,1.0087890625
B7C1ABD185A4,1506,1,1.0302734375
B8F95A683EEA,1507,1,0.90478515625
C7BD62EA392F,1508,1,1.06640625
C906B982A3F6,1509,1,1.017578125
D42B6354404D,1510,1,0.97998046875
D752DF2541DD,1511,1,1.0146484375
DDF611F84032,1512,1,0.95947265625
E060D90D6CB9,1513,1,0.9912109375
E31EF8887AA4,1514,1,1.0185546875
E4C696F6D35D,1515,1,1.04296875
E877D5AD16DA,1516,1,1.0361328125
EA493ECF9F3B,1517,1,1.0078125
EA5067362719,1518,1,1.0888671875
EF9677DEFA79,1519,1,0.98291015625
EFEFA4F6596E,1520,1,1.0048828125
F26E4B13C5FB,1521,1,0.96484375
FA63A2D4191E,1522,1,1.0126953125
03656D51096B,1523,1,0.9677734375
07EA2B30D5B6,1524,1,1.1259765625
08FAE6E0BDCC,1525,1,1.041015625
0A373C01EAD7,1526,1,1.107421875
0A67029FA17C,1527,1,1.0341796875
0ADBB145FC2C,1528,1,0.98779296875
0E6BB199BF93,1529,1,1.0400390625
0F2720F5FBED,1530,1,1.1123046875
10D1D5724C4A,1531,1,1.09765625
112AA24D20BC,1532,1,1.080078125
14CBCA18C124,1533,1,1.001953125
15912A718F26,1534,1,1.01171875
17E0D40B3CB8,1535,1,1.0927734375
18D47A791678,1536,1,1.126953125
1BE638E9C951,1537,1,1.0478515625
1F939ECCB2B7,1538,1,1.05859375
1FC7F0D3FB27,1539,1,0.9931640625
20020164071C,1540,1,1.041015625
23393129100A,1541,1,1.005859375
28FF89DC3B40,1542,1,1.0224609375
2D40E0391ED0,1543,1,0.96826171875
2DDF4051E688,1544,1,1.0390625
3.99E+11,1545,0,1.1005859375
3.99E+11,1546,1,1.0517578125
34C40190E817,1547,1,1.0810546875
36677FE57D6B,1548,1,1.0078125
3AFA78FFFC15,1549,1,1.099609375
3C4A286D0976,1550,1,1.041015625
3FA34FE01526,1551,1,0.9970703125
4.96E+11,1552,1,1.0810546875
40F9DCD1794D,1553,1,1.0302734375
41AEF2D0D03E,1554,1,0.97119140625
442CFAE61CC3,1555,1,1.0869140625
447790D1438B,1556,1,1.001953125
44E2726DA1B3,1557,1,1.0166015625
48837626943D,1558,1,0.98779296875
4B4A48BAED30,1559,1,1.0791015625
4B8DA6C2D322,1560,1,1.0537109375
51EE6BE022BC,1561,1,1.0361328125
5A6AE4CDEEF1,1562,1,0.98974609375
5D843D1CD37D,1563,1,1.083984375
5E67059E3067,1564,1,0.96875
5FAB26EAECD2,1565,1,1.0283203125
6115AB81F5D6,1566,1,0.99365234375
6314A8C1D128,1567,1,1.1064453125
63C762CF1FB6,1568,1,1.0244140625
65F8264950AD,1569,1,1.046875
66F7AD6B99E2,1570,1,0.98681640625
67907FCA021A,1571,1,1.095703125
67D58F9FA53C,1572,1,1.087890625
690713606EEF,1573,1,1.0810546875
6B030715E953,1574,1,0.95166015625
6DC53CAA1B35,1575,1,1.0537109375
7062EA2055CB,1576,1,0.99169921875
723AE830442A,1577,1,1.09375
73851AC4551C,1578,1,0.98583984375
7A96B668850C,1579,1,1.005859375
7AAE019F70D6,1580,1,1.0205078125
7E7C67A0DC16,1581,1,1.0791015625
83D8EED426D9,1582,1,0.974609375
8A516907464A,1583,1,1.041015625
8FE60434BEFF,1584,1,1.033203125
9615F113FAA1,1585,1,1.0068359375
99CAD0AF3560,1586,1,0.9599609375
9BF717F45D68,1587,1,0.9921875
9E4F43374DD5,1588,1,1.115234375
9EBA120196BC,1589,1,1.068359375
A187E6D70752,1590,1,1.0498046875
A18AABF41A28,1591,1,1.037109375
A23348674832,1592,1,0.9580078125
A3636EF8A9CA,1593,1,1.0517578125
A3E8AF823886,1594,1,1.0927734375
A559A96650EC,1595,1,0.9765625
A5B9C9F26FD6,1596,1,1.0439453125
A60ED461EEC9,1597,1,1.0673828125
A62EBECE741D,1598,1,1.0771484375
A93072F1F0EC,1599,1,0.9892578125
AD58682D517C,1600,1,1.0166015625
B2C0ECB08687,1601,1,1.064453125
B3031E720297,1602,1,1.1201171875
B3A7EA9C932B,1603,1,1.05859375
BB8F93A2571E,1604,1,1.015625
BE464F52C63D,1605,1,0.9873046875
C1EAD0C50570,1606,1,1.107421875
C3AE86A7A222,1607,1,1.0224609375
C6A9C44FAD1C,1608,1,1.0595703125
CA0FB6DB7B80,1609,1,1.0205078125
CC8C5C963660,1610,1,1.0517578125
D287C855A18A,1611,1,0.98095703125
DA723916BCC0,1612,1,0.9609375
DAAB3F3226B7,1613,1,1.05078125
DC6EDCFCFBC2,1614,1,0.95947265625
DC7A5FB980EB,1615,1,1.02734375
DE728DF42B4C,1616,1,1.04296875
DEB6DD3E13D8,1617,1,0.9296875
E1AE7FDD072F,1618,1,0.966796875
E1EC4869981F,1619,1,1.07421875
E2BB0AA98EA5,1620,1,1.0048828125
E3DD9FD8CB78,1621,1,0.98876953125
E4596B010B9B,1622,1,1.0078125
E84A634F67DC,1623,1,1.009765625
E8BF036DCFA5,1624,1,0.99169921875
E97556BF38C0,1625,1,1.111328125
EAFFC084F3D3,1626,1,0.99462890625
EDC27501821A,1627,1,1.041015625
EEB58B11D40C,1628,1,0.99267578125
EF24A49892C3,1629,1,1.0302734375
F082049D272E,1630,1,0.9697265625
F0E76CC2EF7A,1631,1,1.0263671875
F19B178A98C7,1632,1,0.9140625
F1AE8A4416AA,1633,1,1.009765625
F20C7D112B12,1634,1,1.09375
F83702EEB830,1635,1,1.0439453125
F9BE4676CA35,1636,1,1.0576171875
FBE8983EF69C,1637,1,0.98583984375
FCE4AFE078FF,1638,1,1.1083984375
009F4E9310CB,1639,1,1.05859375
053ACB9DFE74,1640,1,1.0732421875
06F5F6A09DC6,1641,1,1.0302734375
0BDADA3AFF77,1642,1,0.99560546875
0E9E596A69D0,1643,1,1.0595703125
11BEB30F68EA,1644,1,1.0703125
15FD5B635B50,1645,1,1.0888671875
1C9E388C17B8,1646,1,0.97607421875
209A6BC99DB9,1647,1,0.98681640625
23F0ABEF8370,1648,1,1.078125
263A29FC4FB1,1649,1,1.1025390625
27FC2D31B704,1650,1,0.98388671875
29BB45AA907C,1651,1,0.986328125
2DEBD2B0AB2C,1652,1,1.123046875
3F30E7FDE6F1,1653,1,0.97705078125
40331978F344,1654,1,1.0322265625
408A7D3D2EEC,1655,1,1.0322265625
47F7E409D879,1656,1,1.142578125
4EBA44D861BE,1657,1,1.0478515625
4FD4CE18CCDF,1658,1,0.99267578125
5086805A319F,1659,1,1.099609375
515244292F97,1660,1,1.0859375
591B7E3E2B40,1661,1,1.060546875
5EF21F142C51,1662,1,1.046875
60539232A0C9,1663,1,1.0419921875
60E686BA1E09,1664,1,1.029296875
61D13513C992,1665,1,1.0478515625
62EA3F855DB2,1666,1,1.0009765625
66288718AF60,1667,1,1.09765625
6A977849DE08,1668,1,0.99755859375
745F880CEFA7,1669,1,1.080078125
7B5F5B33B566,1670,1,1.0732421875
85004BC426B1,1671,1,1.025390625
861B660C2E86,1672,1,1.0556640625
86BB790A5875,1673,1,0.99365234375
9.92E+12,1674,1,1.0498046875
93F5F89369D9,1675,1,1.0595703125
93FB5B058E50,1676,1,0.974609375
9B1A7C9A90C5,1677,1,1.0556640625
9B69DE203555,1678,1,0.974609375
9DBCBFD45366,1679,1,1.0361328125
9E8F3C6405CA,1680,1,0.923828125
A21A69767BEE,1681,1,1.083984375
A394468CDEC1,1682,1,0.984375
AD53B357BD0D,1683,1,0.9912109375
AD9CEE5A6FFF,1684,1,1.052734375
AFF314E99BF2,1685,1,0.95458984375
B2F7B08EA688,1686,1,1.0380859375
B3C8CE820C5D,1687,1,1.0849609375
B59B6731525B,1688,1,0.94189453125
B6E9E12159E3,1689,1,1.095703125
BC0703638937,1690,1,0.95263671875
BF01FFEF8CB3,1691,1,0.908203125
C03E6E1AF049,1692,1,1.0986328125
C0643251A96A,1693,1,1.078125
C4DFB24CF0DB,1694,1,1.0771484375
C8EF7048C03F,1695,1,1.044921875
C904BF74BED7,1696,1,0.98095703125
CC68BA9DCB2F,1697,1,1.01171875
D7301CAAFAB0,1698,1,1.0849609375
DE706AB4435F,1699,1,1.01171875
DE841BF24A2F,1700,1,1.060546875
DEE347FC135C,1701,1,1.001953125
F17D56052066,1702,1,0.9580078125
FE3CA06DDCA1,1703,1,1.03515625
FED42BB10805,1704,1,1.0478515625
0F0813F0146A,1705,1,1.083984375
2B015051803E,1706,1,1.01953125
A3F896A51CEA,1707,1,0.97021484375
0A57811CB8A2,1708,1,1.04296875
1509D8D81A10,1709,1,0.98828125
1626F27A828F,1710,1,1.0654296875
19692639977E,1711,1,1.0283203125
21EFAE02832D,1712,1,1.083984375
263FD8ADA546,1713,1,0.98095703125
3504E2757216,1714,1,1.0224609375
38D00F509FF1,1715,1,1.0224609375
39492CE9549E,1716,1,0.984375
3A05F3FA6052,1717,1,1.0234375
3B355996A407,1718,1,0.96435546875
4248882EDCCC,1719,1,0.97021484375
426B7994C26A,1720,1,1.08984375
477B00F899E2,1721,1,1.0244140625
4997306E980D,1722,1,0.99267578125
534B7D65F1BC,1723,1,1.0078125
6DFD772CFC64,1724,1,1.03125
6E60D098D3AA,1725,1,1.0380859375
753E320B186B,1726,1,1.09375
7E8ED7CA1E70,1727,1,1.03515625
88FD7FAAFA90,1728,1,1.08203125
8D1BE4C96059,1729,1,1.0302734375
90E5BB6CBE11,1730,1,0.984375
9EAB766AF4BE,1731,1,1.0693359375
A0E3127D3E13,1732,1,0.9658203125
A11947097A2D,1733,1,1.015625
A476784AFAFE,1734,1,1.0869140625
A82F551BD455,1735,1,1.0400390625
AD97126ECA8A,1736,1,0.9970703125
B84EF55EE7F0,1737,1,1.0615234375
BE0FA97CA16D,1738,1,1.0576171875
C3D8E8E8B942,1739,1,1.0166015625
CA61EF11F94F,1740,1,1.1005859375
CEB3F5203744,1741,1,1.0078125
D3BD101E28A4,1742,1,0.96240234375
D54821935AA6,1743,1,1.0068359375
D5E3716C5E49,1744,1,1.03125
E3F1E3B08625,1745,1,1.0244140625
EA03135D3C88,1746,1,0.9833984375
ECD640058D57,1747,1,1.0146484375
ED201C3D1F84,1748,1,0.94482421875
EE19BA20AA8D,1749,1,0.9931640625
F06170F0184D,1750,1,1.01953125
08FBDF474AA2,1751,1,0.95751953125
0E717C6C5551,1752,1,1.041015625
0FE128A98388,1753,1,1.0341796875
1870BFBCF37D,1754,1,1.10546875
24687D08CFDA,1755,1,1.03125
2F0472E13C91,1756,1,1.0126953125
2FEA75A93DBB,1757,1,0.98486328125
31F08BEA89C9,1758,1,0.9443359375
3383B3E35D18,1759,1,0.9853515625
3B3492532BDF,1760,1,0.9755859375
3F32AA4DA912,1761,1,1.0107421875
3F3788D4C6D8,1762,1,0.98974609375
444DC9706435,1763,1,1.0166015625
47CA068D14AD,1764,1,0.9853515625
496EB21D745B,1765,1,0.947265625
59E7F08554FC,1766,1,0.94287109375
59F4AC1C5604,1767,1,1.005859375
5CC530A8C191,1768,1,0.9580078125
5E5E3A3AFDD3,1769,1,0.9755859375
5EAB1A9FABE8,1770,1,1.044921875
5F9EA3F22EDD,1771,1,1.080078125
715E2C827BC0,1772,1,0.98046875
7348AB38D68E,1773,1,1.0576171875
7596F42CCABD,1774,1,0.9970703125
7C57BE3EF6BA,1775,1,1.0
802C65A883AC,1776,1,1.0654296875
83D8764B5B39,1777,1,1.126953125
879F0C1C09CD,1778,1,0.98779296875
8C9A286F5351,1779,1,1.0654296875
8D4A0D4CD2C2,1780,1,1.0966796875
97A506FAF875,1781,1,1.0888671875
9A0B8CB86C16,1782,1,0.99072265625
9C88B308AF78,1783,1,1.1142578125
A59C88B945A3,1784,1,1.0068359375
A602D45D22B2,1785,1,1.0341796875
A681057AC54F,1786,1,0.99072265625
A6B490224E67,1787,1,0.94580078125
AA08B576D8B0,1788,1,0.98828125
AD17770F7A3D,1789,1,1.091796875
ADB68BCD2874,1790,1,1.0810546875
B1473F247979,1791,1,1.0673828125
B423D5C28432,1792,1,1.0185546875
BC00D6BD8AEF,1793,1,1.005859375
C133EB596A40,1794,1,1.0634765625
C20011D6FA9D,1795,1,0.9423828125
D32804D6C269,1796,1,1.0595703125
D40B940B5A4D,1797,1,1.01171875
D627DA8BF3CB,1798,1,1.017578125
D6E3D605C3E7,1799,1,1.0634765625
DE842CB71C02,1800,1,1.0302734375
E041666F7311,1801,1,1.033203125
E4DE038BAF14,1802,1,0.99169921875
E5F2EB5BF440,1803,1,0.998046875
E6316CAED236,1804,1,1.025390625
F07864395799,1805,1,1.0537109375
F50C3F04944B,1806,1,1.0126953125
F699067454F2,1807,1,1.017578125
F73601F409A5,1808,1,1.068359375
FD427F2B2717,1809,1,1.0302734375
727DE3CD0AEC,0,0,1.029296875
7DB97BB17F7C,1,0,1.01953125
2CE147B3C45D,2,0,1.126953125
A9D9DE754895,3,0,1.0595703125
03F662678018,4,0,1.0185546875
224E9914A127,5,0,1.12890625
C5C3903EB643,6,0,1.1279296875
B34118DCC728,7,0,1.0634765625
33E349ACF797,8,0,1.09765625
C535ACEE801E,9,0,1.033203125
9207F5E4EA09,10,0,1.1708984375
960BA7EF10B0,11,0,1.0859375
714F75BBE481,12,0,1.0380859375
57AF83157454,13,0,0.97607421875
528D4468FD3C,14,0,1.0263671875
73DFC57A3982,15,0,1.015625
0006ED03C701,16,0,1.07421875
CE0CDCBDFD26,17,0,1.1318359375
B433D0B4EB5E,18,0,1.0576171875
00DF07E32141,19,0,1.111328125
D617221AEF2A,20,0,0.953125
0D91BAF9E8F6,21,0,1.154296875
61E75F6539D8,22,0,1.0810546875
65B22F1913AB,23,0,1.08984375
9CF397149057,24,0,1.001953125
D6A32ABCAB53,25,0,1.0361328125
A44D40ED0F9B,26,0,1.0322265625
4E2292FFFB43,27,0,1.076171875
68373FC6DA8A,28,0,1.01171875
24F022CCD27E,29,0,1.1708984375
8BA77BFBC457,30,0,0.990234375
84A2D970B603,31,0,1.1083984375
8783DB652376,32,0,1.0849609375
375EFDE3B08A,33,0,1.09375
26964FDA77BF,34,0,1.0859375
AB8C962ADAFB,35,0,1.0830078125
1E27F5BB51A9,36,0,1.0693359375
852CDF33987C,37,0,1.0439453125
F8B3D7E5722F,38,0,1.0869140625
9FE0683E17D7,39,0,1.185546875
F15FFBB0E896,40,0,1.1005859375
D08360A5C4A1,41,0,1.080078125
95BC127CB3A2,42,0,1.12890625
7D17EF70FE11,43,0,1.00390625
C3F1941B33FC,44,0,1.0927734375
BF22BF969ABE,45,0,0.998046875
8.06E+11,46,0,1.13671875
C69B5D54D328,47,0,1.1181640625
313D87B65C8E,48,0,1.0966796875
C2D5903F46A1,49,0,1.0703125
FA4FE7706A1A,50,0,1.0283203125
C1BCDC611A6D,51,0,1.056640625
F4286847E64E,52,0,0.97119140625
E11992CA707D,53,0,1.0947265625
5A1AFAFE56BA,54,0,1.0615234375
AB92169DD537,55,0,1.1572265625
334F362E4B7B,56,0,1.1044921875
F074E15D7250,57,0,1.1552734375
F076C4814EBF,58,0,1.05078125
F3C14C00A0CD,59,0,1.0478515625
AA0EA22C9C5A,60,0,1.0380859375
F3AD4CA73675,61,0,1.0458984375
8C55F83A618F,62,0,1.0859375
B30188D7A074,63,0,1.001953125
6378687D8628,64,0,1.1162109375
4849ADCE26D8,65,0,1.060546875
6B3A6665E09D,66,0,1.1455078125
62358D021011,67,0,1.12109375
36D43BB1CB23,68,0,1.015625
A4776D28A3BC,69,0,1.0615234375
D5262241B8B7,70,0,1.0302734375
6AB08ADEBDAA,71,0,1.068359375
1D5959F82AF5,72,0,1.0166015625
CB0F10A7C73C,73,0,1.076171875
29A50E96295D,74,0,1.060546875
98B832AC8CB9,75,0,1.029296875
580DF6DA4B5B,76,0,1.0107421875
DB13E86ECDDF,77,0,1.0322265625
0BF9BE9F9648,78,0,1.0517578125
E5AFCEF8161C,79,0,1.0390625
228C7E1528AE,80,0,1.0634765625
547C43CF3291,81,0,1.1279296875
F6C7457E6E63,82,0,1.0205078125
231A89552BD3,83,0,1.08203125
6D0552F0EF16,84,0,0.90869140625
8B5039B5BC1D,85,0,1.119140625
D2A13B623428,86,0,1.1396484375
2DB88BF6BC7A,87,0,1.037109375
76D43DB8CC85,88,0,1.1552734375
DD096CD7E65D,89,0,1.08984375
D30C361E4BA4,90,0,1.037109375
FF1E918B140E,91,0,1.0693359375
06D6C0804BFF,92,0,1.154296875
CF1345B5E224,93,0,1.1123046875
D1D92E256381,94,0,1.0380859375
9FBCB58388CB,95,0,1.0634765625
247B73B47DFF,96,0,1.0029296875
E4F64D34C2F1,97,0,0.96337890625
66C8EFF0BD08,98,0,1.041015625
E05800F81426,99,0,0.91357421875
05FFBFA9B3BA,100,0,0.9931640625
27AAF664DF23,101,0,1.0498046875
01ACD1326679,102,0,1.015625
321B924C8441,103,0,1.046875
20AFE3565B10,104,0,1.0146484375
453564C3F4E3,105,0,0.98876953125
3FF853798919,106,0,0.98486328125
F61646B5CC08,107,0,1.0380859375
24CA09FC2888,108,0,1.0478515625
5843D4C6EFCC,109,0,0.9521484375
E83EAE114F13,110,0,1.0361328125
16482660AC91,111,0,1.05078125
90A9BF35582F,112,0,1.02734375
24FC5E6ADF1A,113,0,0.974609375
AB3053E08AEC,114,0,1.0556640625
FBB254C7E479,115,0,1.078125
A8BBC8F598F4,116,0,0.9345703125
A9AEF67EBDC9,117,0,0.9619140625
B68615EF56EC,118,0,1.0419921875
5478972243CE,119,0,1.0595703125
70BCA4514358,120,0,0.990234375
F5BB40767917,121,0,1.064453125
9DCD00FF30A2,122,0,0.96240234375
781CBCA4C8BD,123,0,0.9775390625
779EADA2AEF5,124,0,1.0068359375
FFC8B7C53600,125,0,1.126953125
AEB8B6614549,126,0,1.0400390625
2C469434A463,127,0,1.1298828125
199980ADEC34,128,0,0.9375
66D810E0A3D1,129,0,1.01171875
EF907722A512,130,0,1.0224609375
FE504DF4879E,131,0,1.0283203125
02D500B937EB,132,0,1.1171875
FD8DA401BE5D,133,0,1.072265625
C036251405AD,134,0,1.0126953125
AB4F9B52DF71,135,0,1.05078125
D891B1BFC6F6,136,0,1.0283203125
91755A979CF5,137,0,0.9755859375
608E2E406B74,138,0,0.98974609375
87186C957B20,139,0,0.97802734375
A27F852ECCC3,140,0,1.0048828125
48D580D3379E,141,0,1.015625
968C65BB4283,142,0,0.9794921875
0C216F2C365B,143,0,1.0390625
B3813CAD3B8D,144,0,1.0244140625
95B63ED9E822,145,0,0.92333984375
E8027B1E86C2,146,0,1.0966796875
445909AC0FE5,147,0,1.009765625
2222A56620C0,148,0,1.0478515625
B18A0DBBF287,149,0,1.1240234375
3857B01712B3,150,0,0.9697265625
47FA53DDD7F5,151,0,1.0126953125
70D5347F02B0,152,0,1.0029296875
532496FD6727,153,0,1.052734375
3E81849D82B7,154,0,1.1064453125
0A6C0B6D3925,155,0,1.01171875
6FECBAE9AEDE,156,0,1.0302734375
AA7F9D6FABE3,157,0,1.046875
F1D2BA3E0D47,158,0,1.0078125
29A53E96B8C4,159,0,0.984375
DAD962720BFA,160,0,1.0595703125
CF0869D8847B,161,0,0.98291015625
B2E7CD57F60E,162,0,0.94775390625
8DF397BE5387,163,0,0.97802734375
7CF8EEE92A86,164,0,0.962890625
1287FB93CF6F,165,0,1.001953125
5EF9672456E6,166,0,1.0
63FA4F48E6F9,167,0,1.0322265625
5EC799B04F58,168,0,1.076171875
D49AD6F46BD1,169,0,0.994140625
6C151643C67E,170,0,1.0224609375
0BC531D9A1FD,171,0,1.001953125
CE464A23BF82,172,0,0.9443359375
F684C09CCC0D,173,0,1.2236328125
FCB208A4710C,174,0,1.0068359375
AA3A35044E77,175,0,0.95556640625
5E9EABBE6805,176,0,1.013671875
4614B3AC1408,177,0,0.99365234375
F2CD78FA54AD,178,0,0.9755859375
A4A7A35101F4,179,0,0.935546875
1377A50485F1,180,0,1.09765625
93B4EABFBBF3,181,0,1.013671875
33B3B5E41042,182,0,1.0244140625
84E693790A66,183,0,1.0166015625
21A24A785A7E,184,0,0.99755859375
207D9B0083FC,185,0,1.1484375
A0CE8DE23C85,186,0,1.0244140625
8C5FF7AD4E99,187,0,0.97216796875
B8164EA79177,188,0,1.0185546875
886FED68C229,189,0,1.005859375
FCBF9BD46666,190,0,0.98095703125
0D6549D2F364,191,0,1.0458984375
33A64A98CAE0,192,0,1.0009765625
46CA5D7C4910,193,0,0.98974609375
CBC6BC024F61,194,0,0.9677734375
2939DD925D5F,195,0,0.96484375
61112AD2A25E,196,0,1.021484375
7F034CF1ECE0,197,0,1.1005859375
A29D41F1E049,198,0,0.9892578125
DC5D57703D10,199,0,1.0947265625
BECFCA5BFABD,200,0,1.0771484375
DA4CC3E793A7,201,0,1.0615234375
65353E231139,202,0,1.046875
2412D8A6EDB4,203,0,0.98828125
7BDCBAD204BB,204,0,1.09375
477A4637E689,205,0,1.080078125
48D545616F87,206,0,1.044921875
5E411004B068,207,0,1.0341796875
FF862D058D1D,208,0,1.146484375
7CEB4836BAFA,209,0,0.88720703125
795558799D7A,210,0,0.9658203125
E67907CD1C06,211,0,1.044921875
B731FAF1A933,212,0,0.9853515625
1712A40F635E,213,0,1.0556640625
FBD852FCA5C1,214,0,1.0361328125
91962F622C5A,215,0,1.0625
B8FCB3C2CB97,216,0,1.078125
29E443A561CC,217,0,0.92724609375
A103E161D9C7,218,0,1.0
775D4F2FEACE,219,0,1.0810546875
CDF1BA18E83D,220,0,1.0126953125
B0C7779B7276,221,0,1.056640625
DBE4FF1CA803,222,0,0.96923828125
558299F3D69E,223,0,1.0166015625
78D5951B96C5,224,0,1.0908203125
EF3DA4810AA5,225,0,0.96875
58DA41AD8D5D,226,0,1.0361328125
FCF5D3ED5218,227,0,0.9443359375
C3B0C8C0F601,228,0,1.03515625
997D422930F9,229,0,1.0693359375
C8352C0FAADE,230,0,1.00390625
043CEF390B3E,231,0,1.0146484375
D01060C5AE7D,232,0,0.98828125
DBF35E9F40A2,233,0,1.0322265625
AC4075563D4F,234,0,1.0458984375
2221985D49BD,235,0,1.1181640625
3C9ABAD0EB27,236,0,1.0576171875
735346F7F34E,237,0,1.041015625
6EEFC81B16F0,238,0,0.97802734375
81D05263142A,239,0,1.0595703125
1529F615275D,240,0,1.06640625
9D40E94D6935,241,0,0.94091796875
F7FF64013DF7,242,0,1.0302734375
B35CDBFBD6D1,243,0,1.0322265625
D12739E3912D,244,0,1.0546875
BBBC74680147,245,0,1.0771484375
6AEC3D4895A7,246,0,0.99853515625
2BD0B513E03D,247,0,0.92431640625
23B3D8854723,248,0,1.03515625
CEF2E641BA34,249,0,1.0654296875
A0938A136F0A,250,0,0.96484375
F66EAF7D640D,251,0,1.02734375
12C40C11C57C,252,0,1.1396484375
872AED166FA6,253,0,1.0107421875
8B4E52225236,254,0,1.001953125
44EB991E35AA,255,0,1.0234375
0C9DF15EB6EA,256,0,1.064453125
CABB5AA3A94C,257,0,1.0068359375
8A142C377525,258,0,1.0009765625
B1AE2526EA45,259,0,0.96923828125
7109E73A180D,260,0,1.00390625
CA0C21200F78,261,0,1.064453125
44B42361188C,262,0,1.060546875
371DCD0EF85F,263,0,1.0283203125
557DD5E4BAAD,264,0,1.0732421875
28DB1BCCB6AF,265,0,1.056640625
49A315660C2E,266,0,1.048828125
4CF351AC23BA,267,0,1.07421875
B79635E19C40,268,0,1.001953125
C3194A4504F5,269,0,1.03515625
7503F2114244,270,0,0.99951171875
B4DEA93DAA5B,271,0,1.0439453125
E26249CC6344,272,0,1.052734375
5B14E2CB36CB,273,0,1.072265625
6915333490BD,274,0,0.9970703125
583A264BBC01,275,0,0.8984375
9E2FE557839F,276,0,0.962890625
AE0675B526C2,277,0,1.0166015625
2E1F288230F2,278,0,1.015625
4216AC2DDEC4,279,0,0.96630859375
B46A2BA39974,280,0,1.001953125
32152B4D2B18,281,0,1.0263671875
2C4F19141C94,282,0,1.029296875
5403979D49E5,283,0,1.009765625
4EAB0293267B,284,0,1.0263671875
3F65AF00FC67,285,0,1.080078125
5CB049559D6C,286,0,1.0224609375
DE17AE0AFF7D,287,0,1.0400390625
09F294EFAFC2,288,0,1.0234375
09978094D17C,289,0,1.0419921875
E099AB8BFFC5,290,0,1.052734375
821366C0A216,291,0,0.9951171875
180159E53733,292,0,1.0322265625
D2E8E5A1DE86,293,0,0.95947265625
D9B9F1212FB0,294,0,1.0166015625
F506ED27C8CA,295,0,1.033203125
E1C96D7A8110,296,0,1.04296875
A1252FD7C25F,297,0,1.046875
2B374862F2C4,298,0,1.0791015625
B63EAF46C812,299,0,0.98583984375
90C32C97725A,300,0,1.013671875
9D05C9239608,301,0,1.08984375
0FDA6AC79713,302,0,1.0224609375
696261D4BE63,303,0,1.0263671875
4E6D9C9F9318,304,0,1.126953125
A1EAC2434DD1,305,0,1.0205078125
0D0BB94FCCFA,306,0,0.93017578125
9944902AB848,307,0,1.0087890625
3321A3E87AD3,308,0,0.97314453125
7EDE41ECEBD0,309,0,1.0478515625
A67D3F549FAD,310,0,1.0234375
AF1A2BDA829F,311,0,1.099609375
852F3C1EE704,312,0,1.0361328125
E6BF8D197E0D,313,0,1.0126953125
DB52CF86239E,314,0,0.99951171875
F2D8E9CA2C3F,315,0,0.9345703125
C12807C8F8D5,316,0,1.0283203125
7C25E532E66B,317,0,1.025390625
AD7BF1EAE72F,318,0,1.0830078125
73CDE1582FCB,319,0,1.083984375
0B9CE8AC36DD,320,0,1.0615234375
9D1F1FD728E3,321,0,0.97509765625
C352163DBB69,322,0,1.076171875
30FB93559E6F,323,0,0.96875
370E7C2794AB,324,0,1.1005859375
9400D174DEC9,325,0,1.0263671875
AFD7DF57B19C,326,0,1.05859375
172DCAD4E21A,327,0,0.9921875
286C3B565456,328,0,0.9970703125
6C4D40695123,329,0,0.9619140625
80E51C7379CD,330,0,1.021484375
160C8B8C0E64,331,0,0.9560546875
01495BF80A2A,332,0,1.0439453125
01FC4BCFD7CB,333,0,0.9521484375
EB28D5B91DCC,334,0,0.94580078125
A1F176C0FF23,335,0,1.0654296875
7B8F7C1825BA,336,0,1.0078125
76D6A168140D,337,0,1.048828125
68E2E5922B31,338,0,1.078125
96A0AC812CAE,339,0,1.0595703125
A6B037934481,340,0,1.0341796875
6F3F3F42FA43,341,0,0.9873046875
79750A580EEA,342,0,0.9482421875
32D9054C3246,343,0,1.009765625
03A2687FCE27,344,0,1.001953125
146440EF28B8,345,0,1.0390625
EAFA7F1C0627,346,0,1.0751953125
54487928DAA3,347,0,0.974609375
F3D1C6C6C574,348,0,0.98486328125
6DF747F4A277,349,0,1.029296875
1E354DDC784B,350,0,1.0078125
2A4221CE52DC,351,0,1.01171875
EC490F5D4DD8,352,0,1.1015625
4C9D310A1516,353,0,1.0126953125
8FF9315CDCAF,354,0,1.0380859375
C743CBC9C988,355,0,0.95654296875
D4941258B87A,356,0,1.07421875
0CDCC84B9EA9,357,0,1.03125
239FAAA1C2FD,358,0,1.1142578125
282D1DEB08F3,359,0,0.97021484375
765A364BDA2E,360,0,1.0087890625
9401DDD45E43,361,0,1.0390625
C579A4D6151E,362,0,1.009765625
878EF77AEFED,363,0,1.02734375
0F1439303944,364,0,1.07421875
D51D6F5E3DE8,365,0,0.994140625
774AC0E422C9,366,0,1.041015625
AB7706113077,367,0,0.99658203125
101C3E9B985D,368,0,1.0322265625
8F8BCC081DC6,369,0,1.115234375
6D152ABC0582,370,0,1.0087890625
248AD4A808F4,371,0,1.0009765625
9C6DAB936B71,372,0,1.05859375
6DA050124183,373,0,1.0244140625
B15AF429027A,374,0,1.0263671875
DD718D458160,375,0,1.0537109375
C8D3EB90EB29,376,0,0.97412109375
626D81DA387E,377,0,0.9775390625
68E7029BE2C0,378,0,1.0205078125
BDE08546F7EE,379,0,1.02734375
E4A137196DDD,380,0,0.9765625
D52095AEF0B1,381,0,1.041015625
CF28BC9A342E,382,0,0.99169921875
23DFB0D7B17D,383,0,1.01171875
D00460894B72,384,0,1.0703125
E032A417EBD1,385,0,0.9921875
A00EFF7056C4,386,0,1.05078125
38930EEDA19B,387,0,1.044921875
25F15C75DBE2,388,0,1.0478515625
32A5C2EE44FE,389,0,1.0341796875
5742BBAD7FAA,390,0,1.0185546875
416A62A2D2C8,391,0,1.0380859375
151B0CD2ACE4,392,0,0.9599609375
94F84C21ACCA,393,0,0.9970703125
9F203E3DB9F8,394,0,1.0947265625
BA7B34D01383,395,0,1.0361328125
7E39CBA95CB1,396,0,0.98681640625
0A5299390319,397,0,1.0478515625
2D59E1BB8883,398,0,0.97119140625
037A3E847693,399,0,1.0478515625
241CF8E86F9C,400,0,1.021484375
C0307836F819,401,0,1.0576171875
74B605E72740,402,0,0.99658203125
6ED2F18504B1,403,0,1.0595703125
74CC1D0FE728,404,0,1.013671875
FF678908A963,405,0,1.0078125
BF960F59D07C,406,0,0.9892578125
546B079DDC60,407,0,1.0791015625
7CDBC36566FF,408,0,1.0888671875
1A2E1741BF9F,409,0,1.0224609375
53C9F177EB03,410,0,1.0068359375
6504F77A1674,411,0,1.009765625
24D93C4D0921,412,0,0.92919921875
FD607B909E07,413,0,1.0166015625
544B3D56A4C9,414,0,0.94140625
7424FCCFC984,415,0,1.0615234375
5B0F0C4C998D,416,0,1.0380859375
1CB3534B82E9,417,0,1.0673828125
A1C00871518B,418,0,1.00390625
56D96BC94CD1,419,0,1.00390625
238A68D91301,420,0,1.0146484375
EDB7681BCFF5,421,0,1.0546875
03503E5155AE,422,0,1.0419921875
4B2653D19C53,423,0,0.99365234375
B8C778C456FA,424,0,1.107421875
F37DA10C6552,425,0,1.0771484375
9849BD725D61,426,0,1.0244140625
2248AC325F36,427,0,1.0107421875
52FF7CE735BE,428,0,1.01953125
BCAE5B0783CF,429,0,1.0439453125
504CC3493DAF,430,0,1.0556640625
DFF9D6FA7A8A,431,0,1.0390625
B9FFFA708444,432,0,0.98876953125
F666D2588232,433,0,1.0478515625
F62AADC67A63,434,0,1.01171875
3E22E1F1A48C,435,0,0.98876953125
51582221FB88,436,0,1.072265625
99F46DD9067E,437,0,1.0107421875
3C1B911C0C75,438,0,1.0537109375
78A2E50D1139,439,0,1.03515625
031D059C32E1,440,0,1.1357421875
7C4D983EB1D8,441,0,1.060546875
0FADC137B8B7,442,0,1.1240234375
D1200B924E51,443,0,1.0576171875
7E2360310DE6,444,0,1.05859375
1A5882613E94,445,0,1.0263671875
4A8FCC8C7D9B,446,0,1.0673828125
EF5C275B36F9,447,0,1.0166015625
9FA0091EFA2B,448,0,1.0693359375
90809FD57EE5,449,0,1.0283203125
58A71804C090,450,0,1.080078125
07C19143568C,451,0,1.1240234375
BAF13F0C13A8,452,0,1.09375
56CE93447F80,453,0,1.1279296875
92887B4B5F2A,454,0,1.0478515625
0D11CD49499E,455,0,1.052734375
B866BB794434,456,0,1.0380859375
444FE752CAE6,457,0,1.044921875
3D97B580A127,458,0,1.1123046875
FB2ED8D952A6,459,0,1.072265625
36FCA185E7E3,460,0,0.96875
AD1914496798,461,0,1.037109375
0E3B34467BCE,462,0,1.0166015625
B4E773CB8A7D,463,0,1.12109375
BBE0D2A103B3,464,0,1.064453125
129C9D585CB5,465,0,1.0810546875
6CC50B90B811,466,0,1.0810546875
70027A370691,467,0,1.0498046875
C0B740E0B4E4,468,0,1.0439453125
346D40A69BBF,469,0,1.0234375
2E7A3C2D1DF1,470,0,1.00390625
1BDC5F527974,471,0,1.1181640625
F3310A0DE614,472,0,1.05859375
CFE287BA55DB,473,0,1.0302734375
FEF2E1612F55,474,0,1.05859375
72F56A4CC1DE,475,0,1.126953125
D5B5FD51EE53,476,0,1.0439453125
EB9D8FFB4F45,477,0,1.0185546875
06FEBCC2A721,478,0,0.9970703125
C5B3E94CCB8B,479,0,1.1240234375
ABC9EBAB6670,480,0,1.0361328125
48D4153FEA5C,481,0,1.1240234375
8D69369DEDA2,482,0,1.0634765625
13FB62D377E3,483,0,0.97265625
F2820CA8506E,484,0,1.03125
EC621CA9D07F,485,0,1.0341796875
FB05272DAD57,486,0,1.0029296875
2AFA7F972BA1,487,0,1.009765625
0C2CD7E1B791,488,0,1.13671875
0202B3446E2E,489,0,0.98388671875
12D4F74D6E4B,490,0,0.9775390625
0D5C8AC6D76F,491,0,1.1142578125
1F8ECF8C118D,492,0,1.0078125
E977D812CE4B,493,0,1.173828125
1E2844A2BE02,494,0,0.95849609375
486D5116CE4C,495,0,0.98828125
20A0C1C766DF,496,0,1.0703125
94540832EE5D,497,0,1.095703125
F69CFE5AEDCA,498,0,0.9775390625
A798DC70F3FC,499,0,1.015625
3A33CD269EA2,500,0,1.0576171875
436CA2153EB6,501,0,1.04296875
739778D8C287,502,0,1.04296875
8842FE99EC98,503,0,1.005859375
2396B6BC4F67,504,0,1.029296875
D69D856DF697,505,0,1.0361328125
B92A891555CA,506,0,0.98486328125
3D99FC2386BD,507,0,0.9951171875
91AEB67D6699,508,0,1.0439453125
BAEE45819FA1,509,0,1.0
291CC45C6250,510,0,1.0126953125
8BA3D2D3BC71,511,0,1.0087890625
222539DF8FAB,512,0,0.9892578125
A2A7B3EAD985,513,0,1.02734375
4E0024CDAE47,514,0,1.0498046875
3DBAD6F954EB,515,0,1.03515625
F3F68CD25F7A,516,0,1.0673828125
39DCB6EF34D9,517,0,1.0546875
88E07277AA58,518,0,1.052734375
7713EB2505F3,519,0,1.0302734375
C3B3A972189C,520,0,0.9931640625
80A72C931B8C,521,0,1.0087890625
92E78D29DBE3,522,0,1.08984375
C8C3E113B822,523,0,1.1142578125
C045C841BB7B,524,0,0.97509765625
F6BDEF0143F4,525,0,1.0537109375
DF9E80A50907,526,0,1.0537109375
5.28E+11,527,0,1.1328125
A78AF6BE252A,528,0,1.1484375
E8BD7EFFE113,529,0,1.064453125
6854302C34C5,530,0,1.00390625
9EBEC441D6E2,531,0,0.986328125
726882F01741,532,0,1.0048828125
D85B93C13556,533,0,1.02734375
AD1DE71AF4F3,534,0,1.11328125
127E848F147B,535,0,1.015625
5C9627F63CB8,536,0,1.02734375
3167F4C6194C,537,0,1.015625
62AD0D768FD8,538,0,1.0341796875
3F6029F80E91,539,0,0.99169921875
BA47D0FEA751,540,0,1.060546875
BF10F79ACCBC,541,0,0.96875
BDA453D8E1C7,542,0,1.01171875
A67828F23302,543,0,1.0869140625
67B99EB15A58,544,0,1.185546875
E85BD864C51A,545,0,1.0224609375
28FF2BE0AB1A,546,0,0.96923828125
9C1132980450,547,0,1.001953125
F0D6897EE1EB,548,0,1.044921875
5977CABF7057,549,0,1.0673828125
B9015F213291,550,0,1.02734375
06D27EBDA15B,551,0,0.9765625
C0D8B9347BE5,552,0,0.98291015625
98DEE4145A34,553,0,0.96533203125
2EF823A45135,554,0,1.033203125
7426B075AC2C,555,0,0.98291015625
00C9687FDE95,556,0,1.01171875
AEE6C379C668,557,0,0.9755859375
ED27B5020694,558,0,1.02734375
18C70979F186,559,0,1.029296875
A9DBC33191F3,560,0,1.0888671875
126F954995E7,561,0,1.041015625
B071D5619C92,562,0,1.02734375
B57A9DAA2922,563,0,1.05078125
73AE93492275,564,0,1.0595703125
4A11CD564734,565,0,1.0537109375
ABF073BD87DD,566,0,1.0634765625
F4C21F226D20,567,0,1.056640625
FF59341B616A,568,0,1.0830078125
6A892D3AD8CD,569,0,1.1845703125
95326476757A,570,0,1.0234375
D613CF014B74,571,0,1.037109375
A850F2985DF9,572,0,1.109375
CE0B633318E1,573,0,0.99462890625
4857AEE59902,574,0,1.0703125
B734F3A4754C,575,0,1.1025390625
A3AD25786D36,576,0,1.0498046875
1C330B58C0AE,577,0,1.0673828125
A698065B0FE8,578,0,1.017578125
958BACFAF66B,579,0,1.0322265625
FD4C11CFDC5A,580,0,1.0380859375
25AB1A453D24,581,0,1.0556640625
D4CC70CA874A,582,0,1.015625
FF21DC2805A9,583,0,1.0595703125
F113E3F0B0BA,584,0,1.0478515625
C4C3A58C5939,585,0,1.142578125
1F5803EA5DE5,586,0,0.99658203125
58EC9951A375,587,0,1.0439453125
254DB921E152,588,0,0.9892578125
57618AC1B819,589,0,1.0576171875
255F29455E8B,590,0,1.0341796875
FE7AB0719DAB,591,0,1.05859375
BB3E600B4BCA,592,0,1.03515625
9B173EBFB406,593,0,1.0341796875
2A665076893F,594,0,1.052734375
569A676ACDB9,595,0,0.99951171875
BBE1713D653B,596,0,1.125
2609E28EB4D5,597,0,0.98583984375
0FE0A7A112EE,598,0,1.1025390625
F8698985480C,599,0,1.05859375
0DC3BDC76434,600,0,1.0810546875
86D1ED054ECA,601,0,1.1328125
ECF8296772E9,602,0,1.0556640625
94D6558956ED,603,0,1.0732421875
90F40592D04C,604,0,1.1767578125
D25A4384C575,605,0,1.107421875
AD2BF00F22DC,606,0,1.04296875
13E31C8699DF,607,0,1.0849609375
EAF6BCA737BD,608,0,1.0517578125
11AD891ACD9A,609,0,1.056640625
7CF45AD6A333,610,0,1.0048828125
F47AF2174D7B,611,0,1.080078125
CBBDC9BB3F04,612,0,1.095703125
D2FB5374A7A2,613,0,1.1767578125
AA81AEE806E0,614,0,1.0556640625
01548571FE94,615,0,1.0791015625
52499FA0E025,616,0,1.04296875
A9EA3FE0941B,617,0,0.99169921875
AEEF9932474A,618,0,1.1201171875
0A3B9F2A2DA7,619,0,1.193359375
C55E6B929C19,620,0,1.04296875
11F755EAC4A3,621,0,1.041015625
3EEBAD2DC744,622,0,1.0107421875
BBC740F1DC57,623,0,1.044921875
06FA7149EBB4,624,0,0.94775390625
A375D2C791AA,625,0,1.0595703125
151268C05E9F,626,0,1.140625
FF8C5B9C3EBF,627,0,0.99267578125
23982EC8FF86,628,0,1.068359375
5E57B80BFC66,629,0,1.013671875
24AD94A6AB3E,630,0,1.052734375
F2BF1325500C,631,0,0.99365234375
4200B5E4E9DF,632,0,1.0869140625
178BED4E1487,633,0,1.068359375
5310CCBD5B81,634,0,1.1279296875
19957ACA9460,635,0,1.0537109375
440790E93DC0,636,0,1.111328125
E6FFDBE10A3B,637,0,1.1328125
992D3497DC92,638,0,1.064453125
F7F9EB5D0F2D,639,0,1.091796875
5F67460F0E7F,640,0,1.0791015625
C1F74C98535E,641,0,0.99365234375
52A9658B9B58,642,0,1.0263671875
8BF5ECBA4654,643,0,1.091796875
92909B8C3BF4,644,0,1.103515625
C8FAF305F7C6,645,0,1.078125
A4A415CC45F8,646,0,1.025390625
C8CE8A84DC76,647,0,1.1396484375
44D73D95E310,648,0,1.072265625
1F88548D0544,649,0,1.0830078125
CAD242499411,650,0,1.0888671875
D6B9D9C293B4,651,0,0.99609375
43121098266D,652,0,1.0703125
28797216EAA7,653,0,0.98681640625
A394F82B98D2,654,0,1.1630859375
45D591EAE2AE,655,0,1.0703125
4CCB31459A62,656,0,1.0830078125
2.55E+11,657,0,1.0947265625
2854C527F31D,658,0,0.97412109375
A282A18AA03D,659,0,1.0537109375
7701DAAC3EDE,660,0,1.1220703125
DEA664963CD1,661,0,1.029296875
F82394A72A43,662,0,1.0537109375
F1EEA3FC1490,663,0,1.1328125
4A4A502DE26A,664,0,0.99267578125
3BFD98581812,665,0,0.96630859375
8127AE26E15A,666,0,1.064453125
1FBB9A714482,667,0,1.0869140625
5D04455296E0,668,0,1.0029296875
C295FC9B8627,669,0,1.1943359375
FF35257B6394,670,0,1.046875
FD998A2E69A5,671,0,1.0537109375
2D13EF90C1FA,672,0,1.0986328125
48D41DB0EFB6,673,0,1.0771484375
1CD3F4F5916D,674,0,1.1201171875
3C0AC578ABD8,675,0,0.99609375
8B4643E8E725,676,0,1.0751953125
045C3E9BE25D,677,0,1.0712890625
C22F146C37E1,678,0,1.01171875
3C0B0AE82FE1,679,0,1.091796875
8049A1A0A0B2,680,0,1.060546875
09653E069EBC,681,0,1.0859375
701E5C324B37,682,0,0.9970703125
DF84A0C86B12,683,0,1.0517578125
CA8264D7097C,684,0,1.0537109375
DF082C5AC45E,685,0,0.96484375
F2DC1AFE6376,686,0,0.99609375
E313EE03F35F,687,0,1.0458984375
5656301109BE,688,0,1.0625
CAE63BBF4546,689,0,1.064453125
907135C0570D,690,0,0.978515625
28B41BD59C3D,691,0,1.05078125
1010F320FABB,692,0,1.0458984375
B5105DFC7F94,693,0,1.0380859375
5576D8973B5A,694,0,1.01171875
EC1DD5C739B9,695,0,1.048828125
B2F2A4C2CECE,696,0,1.0302734375
D976819A8E94,697,0,1.1259765625
2BCC83C71731,698,0,0.982421875
D1406C1871FB,699,0,1.1630859375
3BFBEC883219,700,0,1.06640625
FC00946C9D82,701,0,0.96044921875
58F6C726848B,702,0,1.087890625
F700004FC6BC,703,0,1.0947265625
2AA857755DA3,704,0,1.1357421875
ECD43A73833E,705,0,1.017578125
0E7310FC907B,706,0,1.0703125
FD1C07651D9A,707,0,1.06640625
1D620B5FACBD,708,0,0.966796875
79A211DAAE20,709,0,1.11328125
58C0A6CCE89D,710,0,1.01953125
BBF34C059226,711,0,1.0869140625
E91C501B7AFA,712,0,1.0029296875
78F10D62A0DC,713,0,1.11328125
669463BE6462,714,0,1.04296875
87097E5CC6CF,715,0,0.99755859375
2C2C377C45D0,716,0,1.0791015625
E7C19DD59A48,717,0,1.109375
FE67EEE68565,718,0,1.0888671875
3BBD17BCB443,719,0,1.021484375
DD221CE9D1A0,720,0,1.0439453125
396DC89B7485,721,0,1.0087890625
850D532F6EE0,722,0,1.0556640625
8.48E+11,723,0,1.1201171875
9988105D15FB,724,0,1.1279296875
700BD7047E86,725,0,1.1025390625
25BB216B0293,726,0,1.0498046875
51634BBDF223,727,0,1.080078125
1.36E+62,728,0,1.09375
1A72E7E7F1F2,729,0,1.0693359375
66D686E04E89,730,0,1.080078125
BEC66F30A5DD,731,0,1.0498046875
C667C19340B6,732,0,1.07421875
023CEE52C08C,733,0,1.037109375
9A3C545E2DB4,734,0,1.1142578125
088F2E69E2BB,735,0,1.021484375
5F7FCFF14259,736,0,0.89794921875
43E52415FDFE,737,0,1.0751953125
C68C60B718D4,738,0,1.0546875
C978BF282141,739,0,1.107421875
D96640F8B712,740,0,1.0751953125
221613097EC3,741,0,1.1318359375
00534F5F61BD,742,0,1.0419921875
688E61008A5D,743,0,1.0087890625
291AAEA628E1,744,0,0.9931640625
D964CE5F6125,745,0,1.052734375
D0A54C1D411F,746,0,1.0947265625
9F41CA8538FC,747,0,1.1337890625
22EF996C08E6,748,0,1.087890625
1857BCB14833,749,0,1.0244140625
327077093C68,750,0,0.984375
AB199403D486,751,0,1.1806640625
AFB80814905B,752,0,1.111328125
B76A424056A9,753,0,1.0556640625
64869C4C7FFA,754,0,1.1083984375
9F83C5864EB0,755,0,1.0625
01EEF03F54AB,756,0,1.0576171875
1E21065D4CDF,757,0,1.107421875
4165C86E1FA0,758,0,1.10546875
93B77B484B96,759,0,1.0693359375
9A3D0EC89E65,760,0,1.033203125
F527D4350F2C,761,0,1.150390625
60AD52222CF7,762,0,1.01953125
68D87C1576F3,763,0,1.07421875
D4CAF981DE04,764,0,1.111328125
B6D6889E36A1,765,0,1.025390625
85D92A07E321,766,0,1.1455078125
161DEDCDD17D,767,0,1.013671875
8468E384BBF9,768,0,1.0703125
F73047E4DC36,769,0,1.033203125
82ED15238FD1,770,0,0.98388671875
1B3D2B2B8C1D,771,0,1.126953125
089A47979C9E,772,0,0.9853515625
4964B68FAED6,773,0,1.046875
220A0FBD8ABC,774,0,1.1201171875
A8BA15606564,775,0,1.078125
CF8ABC3DE382,776,0,1.080078125
57691ED21F01,777,0,1.107421875
7CA6877B28A9,778,0,1.017578125
A79459F23842,779,0,1.025390625
BA71F335957F,780,0,1.0869140625
5D2CF34DAD3E,781,0,0.98291015625
FBA0A3C464EB,782,0,1.041015625
1064624CDF17,783,0,1.078125
AB0F4F1767F8,784,0,1.0478515625
E8C1C58F8A0A,785,0,1.0361328125
8B7E3AC2A140,786,0,1.0986328125
F4A576AD01D8,787,0,1.013671875
2D644290FFF5,788,0,1.20703125
C8F9EDCC2C88,789,0,1.0546875
B8089702741D,790,0,1.06640625
C237DE7E022D,791,0,1.02734375
0EBD16DD8BBD,792,0,1.0517578125
8820C3894B4A,793,0,1.138671875
9354251C8228,794,0,1.0595703125
D0DAA0A3A4EA,795,0,1.060546875
858751B7BB17,796,0,1.0068359375
8DECBFDC0EB8,797,0,1.037109375
B29F63463D3F,798,0,1.1025390625
C2ACF6F087D6,799,0,1.107421875
A0BB7DFA480A,800,0,1.1025390625
1791ADB7ABED,801,0,1.1123046875
13C74967CE1B,802,0,1.0751953125
6FA24C314388,803,0,1.0478515625
3085F5ECF4B0,804,0,1.0791015625
899E6252BD6F,805,0,1.0634765625
4D05FF3E63BE,806,0,1.0947265625
22271A37E682,807,0,1.0810546875
091AA1C56303,808,0,1.1298828125
EC7D14914550,809,0,1.06640625
93B874BA7C17,810,0,1.111328125
6DAE6E1E7492,811,0,1.123046875
6EA22D514BA9,812,0,1.0400390625
C08ABCCFBF4D,813,0,1.0283203125
7967D8C1DC56,814,0,1.1005859375
31BCC13FF8B9,815,0,1.05078125
144FB09B0949,816,0,0.984375
FB8C67F0AC92,817,0,1.0048828125
7D3DD53F46D2,818,0,1.0732421875
3799E21B6EC3,819,0,1.12890625
46B0A5577BC8,820,0,1.1259765625
1.51E+11,821,0,0.99609375
1.51E+11,822,0,1.0439453125
5360931C82B9,823,0,1.056640625
D9CDAB6D5F18,824,0,1.0185546875
1155F7A18D6C,825,0,1.0546875
5CD0BB5FEB59,826,0,1.154296875
1F6716F73D62,827,0,1.0615234375
BBA40BFA0DC4,828,0,1.064453125
3E6D1917A314,829,0,1.0654296875
5E295D2E7B76,830,0,0.986328125
9B7E20983EE6,831,0,1.0791015625
6.76E+11,832,0,0.9951171875
6C3B81B109A8,833,0,1.0576171875
5528B818FBDB,834,0,1.060546875
38EB926DE7F0,835,0,1.0400390625
9B82BFEC0E16,836,0,1.1240234375
9FB06FEFCDAE,837,0,1.1181640625
47B8FFA84FCF,838,0,1.111328125
4FCE6DE00358,839,0,1.1171875
A22DFE5E7337,840,0,0.99462890625
729F63CFBDB8,841,0,0.99853515625
8584562341D6,842,0,1.15625
0EEFA1AEA0FE,843,0,1.0244140625
F84A7FCFEF76,844,0,1.212890625
D537D9068E57,845,0,1.021484375
C2C8EF16FBDA,846,0,1.048828125
596BD7B2FE5F,847,0,1.0625
565B5C8E9B05,848,0,1.015625
887770A6B2E1,849,0,1.0693359375
9263362F551D,850,0,1.0244140625
9AED08D70C4C,851,0,1.037109375
C99D02DE50BB,852,0,1.0205078125
BE62F6B1E924,853,0,1.1015625
4A565F132D5F,854,0,1.158203125
816848B7D46E,855,0,1.0498046875
1D7ACD8733C8,856,0,1.0556640625
2EB66414474A,857,0,0.98291015625
A97501292742,858,0,1.029296875
E16710B82061,859,0,1.01171875
982F506ACBC6,860,0,1.0146484375
07CDFB21E155,861,0,1.048828125
9F5DFC4C8BAE,862,0,0.9951171875
47316E5FA54F,863,0,1.025390625
39BA457D842C,864,0,1.1279296875
2B3A701660DB,865,0,1.1083984375
3E7CF0FBAF5C,866,0,1.1064453125
C1E1A76BF248,867,0,1.2626953125
DDDB09DD580A,868,0,1.091796875
8CFF4224518F,869,0,1.048828125
A66F364491FF,870,0,1.05859375
65D6566825FE,871,0,0.9951171875
A32A838D1C3F,872,0,1.0302734375
CD4B9F6B311B,873,0,0.97607421875
05E82CD3394E,874,0,1.064453125
8DD4E00D068E,875,0,1.0068359375
7D45E237FAD5,876,0,1.0595703125
B64326635AB6,877,0,0.9775390625
4ACC669C808C,878,0,1.0869140625
8D4DEA77D545,879,0,1.041015625
B89BB1FC1E1F,880,0,1.037109375
627AF801730D,881,0,1.091796875
44DF080F942A,882,0,0.99462890625
CAD2B46606E7,883,0,1.0869140625
A7B69F38FB55,884,0,1.021484375
FE32F17CF9EB,885,0,0.986328125
3AFCB4C6285D,886,0,1.0517578125
88113F26FB12,887,0,1.046875
63A014130F9E,888,0,1.0830078125
8BFC4D3124C9,889,0,1.0107421875
BBDD46456082,890,0,0.958984375
5A069D86C23D,891,0,1.0439453125
4D1C8EC02790,892,0,1.05078125
637C4B68FD9B,893,0,1.1044921875
46766D863BF9,894,0,1.0947265625
1B0B7D83419C,895,0,0.9033203125
058C37ACCBFC,896,0,1.0849609375
6100B2E44919,897,0,1.0361328125
10A14A7397FB,898,0,0.9970703125
C0D5253919F3,899,0,1.1162109375
877F6174E222,900,0,1.078125
24CE37638944,901,0,1.0458984375
E88DDA2FB4EA,902,0,1.1298828125
EC3DD758D9F0,903,0,1.125
8406BACD57E7,904,0,1.04296875
E0A0C3E9F2B0,905,0,1.0732421875
85A320C7B916,906,0,1.1376953125
0D5677AB472F,907,0,0.99560546875
5ECF56A7A95B,908,0,1.0859375
0E424AAB5B39,909,0,1.0517578125
DE4E515FF3B9,910,0,1.0185546875
982395FFE2CE,911,0,1.103515625
FF30791C1A12,912,0,1.037109375
D616041A14FF,913,0,1.109375
392F93BC6499,914,0,1.037109375
273BBB15CBB9,915,0,1.0712890625
58C5A4EF40C2,916,0,1.0185546875
EDA297550E87,917,0,1.0322265625
11815A0494D0,918,0,1.0625
F3644832645E,919,0,1.1103515625
5322AB643B6E,920,0,1.04296875
2971AA64D618,921,0,1.068359375
158308987AC1,922,0,1.0859375
F81CE83F07A9,923,0,1.04296875
38D029FA4908,924,0,1.0009765625
04CD9AA9ECC5,925,0,0.93505859375
9A238182002F,926,0,1.0615234375
75F4CDC7BB69,927,0,1.126953125
EBA3DA9A26BA,928,0,1.087890625
0DF37DD497A2,929,0,1.0087890625
AB34D8C23C7F,930,0,1.0380859375
FDA59178D44A,931,0,1.150390625
A2E46DA7D8BD,932,0,1.0087890625
2C8CE75F1A60,933,0,0.99853515625
33A150B21DFF,934,0,1.0673828125
D726298A5B20,935,0,0.98681640625
D7BAEF6FEFE0,936,0,1.0283203125
527EB3C89F2F,937,0,1.1025390625
C71F197DD70A,938,0,1.0732421875
3F612C6BD191,939,0,1.1162109375
D6A24CA9CC18,940,0,1.138671875
E1CA39B9C794,941,0,1.0341796875
02A3B1840EF9,942,0,1.126953125
BF905538DE6A,943,0,1.0732421875
A8F9C42C9C90,944,0,1.0048828125
111482F37FF0,945,0,1.1171875
7C76BEC3CBE5,946,0,1.142578125
E06D6AF85C66,947,0,1.142578125
01D81E8DAD16,948,0,0.99951171875
7B33F5CB5EE1,949,0,0.96337890625
A4B60256D849,950,0,1.0771484375
15FCF05A7216,951,0,1.056640625
B6B7196E454E,952,0,1.03515625
E459550BB511,953,0,1.076171875
F0F99D25DCA4,954,0,1.044921875
79E32F48A399,955,0,1.1015625
713EA4487525,956,0,1.029296875
AEF7EFDAE92E,957,0,1.115234375
29C6AF52D900,958,0,1.09375
E26DFEF5BA3B,959,0,0.9755859375
9A17574BAA2D,960,0,0.994140625
3E2B86B24659,961,0,1.0107421875
A00DAFA2E4E8,962,0,1.0302734375
4DD4B58B56A8,963,0,1.0478515625
067A034D38A9,964,0,1.0810546875
FC956A6C6969,965,0,1.11328125
E4473D13CDCB,966,0,1.041015625
86B306FAB519,967,0,1.17578125
6BDD1C2EBEF3,968,0,1.0458984375
C77F19262F73,969,0,0.99169921875
45151884B20F,970,0,1.0556640625
8DFCDF192B86,971,0,1.001953125
9A643EDCE7C0,972,0,1.048828125
025D474530F2,973,0,1.0498046875
996E2B328D4E,974,0,1.0126953125
62B1B3D9B3ED,975,0,1.029296875
45D4FB5A91C1,976,0,0.9521484375
BD65AB002E66,977,0,1.046875
D89D0B91B0AE,978,0,1.009765625
86D7A5AD7C96,979,0,1.1162109375
0AA06E291FA6,980,0,1.056640625
FE33BAAA73C0,981,0,1.0400390625
2C3D6DFE6768,982,0,1.0302734375
44442D65C858,983,0,1.017578125
A32414F5B216,984,0,1.140625
44D3C95615CA,985,0,1.0849609375
D836FB30A868,986,0,1.0556640625
C3DCDC5B8436,987,0,0.99169921875
5ACC26FF2398,988,0,1.0751953125
61BE35FB4D88,989,0,1.19921875
0B1439CE0522,990,0,1.044921875
62BC144D48C1,991,0,1.0322265625
58D4330D6F28,992,0,1.1611328125
E97D24AC0CB6,993,0,0.97216796875
1F7C2B4BE1FB,994,0,1.087890625
4FC744EC5BDB,995,0,1.0576171875
A56E412B7295,996,0,1.0107421875
DCCDEC3F06CB,997,0,1.013671875
20D57DEC3EF5,998,0,1.03515625
65A5F773983F,999,0,0.986328125
7778EC084C56,1000,0,1.0078125
D17B54620565,1001,0,1.087890625
3A961F5287CD,1002,0,0.98193359375
F3CFE66F8908,1003,0,1.1103515625
2E6C68B76945,1004,0,1.09765625
CF732B856536,1005,0,0.984375
F324DBEBCAFA,1006,0,1.0693359375
B3A71739C324,1007,0,1.0654296875
39DA395A5C1C,1008,0,1.001953125
B97CDCF8DBAA,1009,0,1.0810546875
29AF7937889A,1010,0,1.0146484375
6D4609C949E5,1011,0,0.97314453125
98A5A9E9E101,1012,0,1.04296875
E9B7CC83F056,1013,0,0.9443359375
89085CAAC57D,1014,0,1.046875
9421C2BAB52A,1015,0,1.0546875
965177420B5F,1016,0,1.046875
CC54E936E3FA,1017,0,0.99658203125
F4423D1F297D,1018,0,1.109375
807F6563D0F3,1019,0,1.0341796875
0E08E902861B,1020,0,1.146484375
9B472DAD871B,1021,0,1.0439453125
E2F7AC32660E,1022,0,1.1259765625
A603DB484D6B,1023,0,0.9716796875
1BB48664CC6A,1024,0,1.015625
C63D403CFB32,1025,0,1.099609375
7FCE66C7AC11,1026,0,1.07421875
ABFAFA80AE82,1027,0,1.0712890625
58B7F73691D2,1028,0,0.99267578125
7F61AD56DC7C,1029,0,1.1142578125
7C7FF43FD926,1030,0,1.03515625
56193E77BB71,1031,0,0.97119140625
8BA8BA5260AD,1032,0,1.0498046875
FEB37659C3F1,1033,0,1.0166015625
9655269C8247,1034,0,0.98388671875
5A490FAF2476,1035,0,0.96875
2CD086E87F2D,1036,0,0.96728515625
ED8CFCDD8202,1037,0,0.998046875
73769C2D4519,1038,0,1.025390625
CF20C9C05B19,1039,0,1.041015625
00E2ACFF9A93,1040,0,1.0556640625
D4F6C0544A20,1041,0,1.056640625
7B7838BB9DD5,1042,0,1.103515625
3358EADE739F,1043,0,1.017578125
109E79420240,1044,0,0.9755859375
12F6CA9D6104,1045,0,0.96240234375
F5EFD4AFB421,1046,0,1.0478515625
E686584E5508,1047,0,1.1083984375
0E1F7DAA0D5E,1048,0,1.126953125
016A5550CAF7,1049,0,1.060546875
50903131CDBF,1050,0,1.0751953125
95F690CAAE7D,1051,0,1.103515625
A28D78C1C07B,1052,0,1.0458984375
50CB79F875E7,1053,0,1.037109375
AB8D8AED4B28,1054,0,1.0341796875
E8E139957D4D,1055,0,1.095703125
A157CD4FC4C8,1056,0,1.0029296875
75818DBD4DA2,1057,0,1.056640625
767238F40909,1058,0,1.0087890625
9FCF0C8C83C3,1059,0,1.0810546875
82223F37DDCC,1060,0,1.0048828125
346078C1BCA3,1061,0,1.0693359375
8BF822699115,1062,0,1.0380859375
64EE7AB92E51,1063,0,1.0556640625
A4F7B2183A23,1064,0,1.1142578125
A4C8F2209991,1065,0,1.015625
026FBC564EBC,1066,0,1.0791015625
C43C4EE10535,1067,0,0.9140625
FB05603FF446,1068,0,1.1484375
51E6F16CE862,1069,0,1.0732421875
5B9B01174564,1070,0,1.0185546875
A24EFA2DE8DC,1071,0,1.107421875
8D6EE82E31D0,1072,0,0.99267578125
007812CC14B2,1073,0,1.05859375
40E7A7FDF48D,1074,0,1.0654296875
49D71438EA8F,1075,0,1.1142578125
E72093FC00DD,1076,0,1.029296875
854D3B5742D1,1077,0,1.109375
359A2C8A46C4,1078,0,1.087890625
E4EDFEF8D85D,1079,0,1.0693359375
216896F62055,1080,0,1.08203125
7D11B660E85D,1081,0,0.98583984375
6B61F68D4B21,1082,0,1.02734375
F19978B8C2A7,1083,0,0.984375
5E879A28D710,1084,0,1.0205078125
3E9870D8F558,1085,0,1.0703125
0DB48DDD9022,1086,0,1.03515625
3CFF1ACE63FF,1087,0,1.119140625
37B8AD6E4D9B,1088,0,1.0595703125
D84E4F550B82,1089,0,1.130859375
B27DD0B12E19,1090,0,0.9853515625
83739A911DDE,1091,0,1.087890625
04C90EF1C88A,1092,0,1.060546875
C2D8F1B0A984,1093,0,0.9853515625
1BEEF6DBCEA9,1094,0,1.0361328125
049B62690A5E,1095,0,1.2509765625
E60843A92A3A,1096,0,1.0341796875
E4F9AEC51ECF,1097,0,1.0029296875
C9987E52A40C,1098,0,1.0966796875
02D6A23E0CEB,1099,0,1.08984375
AE5B6C4FD5B7,1100,0,1.0185546875
866E03D00129,1101,0,1.138671875
B24560CD0812,1102,0,0.94287109375
9768655A7400,1103,0,1.0634765625
9F73A77C612F,1104,0,1.0400390625
00D719F00D9F,1105,0,1.130859375
D6ADA6742294,1106,0,1.109375
F280DC36C974,1107,0,1.056640625
923FDA1457EE,1108,0,1.0087890625
036CA3880C22,1109,0,1.095703125
DF1287CDBCF6,1110,0,0.97265625
CC60F13D7713,1111,0,1.1328125
DB4AA9C5B389,1112,0,1.0166015625
5035895F7826,1113,0,1.087890625
5CCC65F4BAFD,1114,0,1.0712890625
DF1AA45CD325,1115,0,1.033203125
FD5F79937C4E,1116,0,1.1279296875
148DDBA241DA,1117,0,1.0869140625
2E0AF5C8526F,1118,0,1.060546875
24A1E4E76FAD,1119,0,1.109375
2410D609BA60,1120,0,1.0498046875
AB807478F59F,1121,0,1.0224609375
C295C3018962,1122,0,1.0322265625
EAED55A47DC5,1123,0,1.0732421875
F9E6665D7693,1124,0,1.1455078125
CBA185D3B277,1125,0,1.0029296875
D13AD797DE2D,1126,0,1.009765625
E3F7A1AEC7CE,1127,0,1.0458984375
2137DFD01A9A,1128,0,1.0419921875
2CC445B54C45,1129,0,1.0458984375
51466107AC92,1130,0,0.978515625
5F5136D5007E,1131,0,1.021484375
0EFC10AF9D22,1132,0,1.0595703125
5547DA513B3E,1133,0,1.1015625
FD361491E6FA,1134,0,0.970703125
018C2171B0C1,1135,0,1.0771484375
6B3EC7DF8173,1136,0,1.072265625
DC8AAA60667C,1137,0,1.0986328125
6D7E6399624E,1138,0,1.041015625
DA5E92093978,1139,0,1.0615234375
0F6BC58DCBE0,1140,0,1.0341796875
22916F4BFF97,1141,0,1.103515625
DE03BAA4291D,1142,0,1.0546875
0C51B8211995,1143,0,0.982421875
E1A6F005A5D0,1144,0,1.0302734375
7DE71BA080D3,1145,0,1.060546875
9631D2A1BB2C,1146,0,1.0654296875
6A19B0132244,1147,0,0.9765625
C3C4CA6CDC72,1148,0,1.080078125
75B0089FBE2D,1149,0,1.0654296875
9788FF5FBA3B,1150,0,1.1083984375
44D379F60DD2,1151,0,1.1328125
54B2CEBC82C5,1152,0,1.044921875
62CA2951FB9B,1153,0,1.025390625
059BB1CA972D,1154,0,1.02734375
BBBF26B3E180,1155,0,1.041015625
86FD29FA8938,1156,0,1.08203125
440E6F5DC224,1157,0,1.142578125
07A12900C4A6,1158,0,1.0478515625
EEA3BAB81E61,1159,0,1.046875
7654EDDCC0DA,1160,0,1.052734375
163EF655C663,1161,0,1.01953125
A8A7C9D4522B,1162,0,1.041015625
FB9EFC545072,1163,0,1.0302734375
B07F2237C606,1164,0,1.0908203125
2E7245D9A04D,1165,0,1.1171875
971D470138C0,1166,0,1.0751953125
772DDC696B2B,1167,0,1.0146484375
EFA46BC5A89A,1168,0,1.109375
FBCE3E3DEB51,1169,0,1.0458984375
C17BFEC19D9C,1170,0,0.97314453125
FFC88C06EFF6,1171,0,1.0400390625
A2C9897ACBD6,1172,0,1.1455078125
4FBDC31F3607,1173,0,0.9912109375
03FCE3C04ADF,1174,0,0.9892578125
FA05B7CD828D,1175,0,1.015625
0C3514461B72,1176,0,1.046875
6F8200CADE90,1177,0,1.1015625
C355331B3B0B,1178,0,1.017578125
F763B20CBBF2,1179,0,0.9072265625
4F0D5832AD52,1180,0,1.044921875
12A61F91FC80,1181,0,1.056640625
A50A8869E1F2,1182,0,1.05859375
15C47E28278D,1183,0,1.099609375
35B8D5BA3032,1184,0,1.11328125
1B0F3EE32F6A,1185,0,1.0615234375
0A1D964232EF,1186,0,1.0400390625
BB7C74DD634F,1187,0,1.0576171875
508DCB180063,1188,0,1.052734375
2C4BB3ACA451,1189,0,0.97900390625
A8C8456C352B,1190,0,1.046875
4D60807BC303,1191,0,1.0615234375
FC1196671EE9,1192,0,1.03125
F2689DE81EC2,1193,0,1.1630859375
236F050055D6,1194,0,1.1005859375
21ACA35F5F91,1195,0,1.111328125
CDAC4415A79F,1196,0,1.087890625
4BBC2E84ED08,1197,0,1.0458984375
3D76CFD5F465,1198,0,1.0166015625
320FD601DD64,1199,0,1.0908203125
955C86F2C441,1200,0,1.0517578125
501C158D09CC,1201,0,1.0576171875
DCEFCD232E32,1202,0,1.1259765625
4E2D058C025D,1203,0,0.9267578125
B193591E3477,1204,0,0.97314453125
1C3440A3FFD6,1205,0,1.009765625
AE29FBE3C88B,1206,0,1.0263671875
02FE364F8B8C,1207,0,0.97900390625
253D33164BE5,1208,0,1.1005859375
715555B20F91,1209,0,1.005859375
E88EEBF3E592,1210,0,1.0634765625
F0E28024F780,1211,0,1.0673828125
989E5AA1D1FD,1212,0,1.06640625
0DBF886E5AB6,1213,0,0.98046875
75F091D09CAB,1214,0,1.142578125
E02460000D72,1215,0,1.0166015625
CDF78535A699,1216,0,1.111328125
6E381D4CCEDA,1217,0,1.0361328125
1811058EC9A2,1218,0,0.92333984375
67D94C292D8D,1219,0,0.99609375
D9C076040D83,1220,0,1.052734375
78053022305D,1221,0,1.0869140625
71D172196A84,1222,0,0.9267578125
29C441C22E94,1223,0,1.0
435BB43F5D06,1224,0,0.98583984375
B3BC549D8BD0,1225,0,1.0732421875
D19AB551E2B9,1226,0,1.0244140625
83E9445417B5,1227,0,1.1474609375
1B1FBDE25C2C,1228,0,1.1630859375
A7AF38D7EB8F,1229,0,1.0439453125
232662471F21,1230,0,1.07421875
6C3654E9F5BE,1231,0,1.1015625
497E63C46A84,1232,0,0.97900390625
01C5A139F206,1233,0,1.0830078125
E75EBEC4C1FE,1234,0,1.052734375
14530D9A69DF,1235,0,0.97265625
D3B5E0743515,1236,0,1.0166015625
BAF1A52A5380,1237,0,1.0986328125
ECC6E0727926,1238,0,1.07421875
DD815F136494,1239,0,0.9677734375
7C7AADA76BA4,1240,0,1.03515625
F13486021395,1241,0,1.142578125
323F0A82AA38,1242,0,1.056640625
CFED32B6596D,1243,0,1.0107421875
59AE73CF9D53,1244,0,1.0517578125
3FF3A8F8AE90,1245,0,1.080078125
509993A7B1CD,1246,0,1.06640625
79C4A541FCDC,1247,0,1.078125
652AE046E988,1248,0,1.0
735000FF2F56,1249,0,1.08203125
3DB1BD9129DB,1250,0,1.009765625
0C24337CD49E,1251,0,0.99609375
B4BB0D9D15A9,1252,0,1.0537109375
2A906C1535A0,1253,0,1.060546875
CD89EA33A415,1254,0,1.0625
2E7E82444228,1255,0,1.048828125
F413F750773D,1256,0,1.0732421875
DC8BB4B61BF4,1257,0,1.0244140625
8A16475F358C,1258,0,0.98193359375
EE0EF10B05A2,1259,0,1.0966796875
1E9EBB2F62A0,1260,0,1.0234375
BA5056B8C67C,1261,0,1.06640625
5F897C00DB43,1262,0,0.99609375
01E9D9CD5CBF,1263,0,1.06640625
C4984FBF9699,1264,0,1.021484375
6A7E874CD834,1265,0,1.0048828125
041C8CA04C08,1266,0,1.0537109375
150BD0070ED0,1267,0,0.93798828125
19AA537480D4,1268,0,0.9697265625
8715350C7613,1269,0,0.99951171875
7B1E55213D00,1270,0,1.0048828125
9F2336DE1875,1271,0,1.021484375
7F99686868BF,1272,0,1.0849609375
085BDFC05337,1273,0,1.0732421875
38F506B031E1,1274,0,1.08203125
C0F35DC1B0FA,1275,0,1.0849609375
E84CD172D3EA,1276,0,0.99951171875
23701C1FBDD2,1277,0,1.021484375
07E3071CE217,1278,0,1.0869140625
6D56A7D16F96,1279,0,1.080078125
A1C8EEF8BF9C,1280,0,1.1005859375
A0DEA37279E9,1281,0,1.09765625
0C44D7D7F0FD,1282,0,1.07421875
215827A144F8,1283,0,1.09765625
C37F30231EE0,1284,0,1.056640625
22C6EB9A2FB6,1285,0,1.0517578125
320B7B425468,1286,0,1.037109375
6615BBF6507D,1287,0,1.076171875
04B0A49C668B,1288,0,1.08984375
D28CDA8FABE9,1289,0,1.0595703125
190030BCF6C2,1290,0,0.98828125
955527C040C9,1291,0,1.1025390625
2287B41B1C21,1292,0,1.1494140625
1248C86D1F56,1293,0,1.060546875
515DFEA21E7D,1294,0,1.109375
57596DF3AD20,1295,0,1.0087890625
0D45F6F0E185,1296,0,1.0478515625
00B85A3DCAB5,1297,0,1.083984375
3A7412AECF21,1298,0,1.0615234375
62927C04AF56,1299,0,1.0009765625
EBA557BABACB,1300,0,1.123046875
57778A40CC36,1301,0,1.0224609375
56CA92EE1B0A,1302,0,1.037109375
64854E6FA933,1303,0,1.1162109375
07F1180D7666,1304,0,1.166015625
724CFBF0B317,1305,0,1.0712890625
FBF6DE55FBB7,1306,0,1.0380859375
A303513AA882,1307,0,1.009765625
4B4C70FDFC25,1308,0,1.0625
67CA27FD7B1F,1309,0,0.935546875
144F84D7FF02,1310,0,1.099609375
C38708C405C6,1311,0,1.0009765625
2766580B8D9A,1312,0,1.0224609375
0F7D49900D1C,1313,0,1.00390625
1A30D1140E7D,1314,0,1.0419921875
E62E4E083245,1315,0,0.96533203125
7648DFDA439B,1316,0,1.0458984375
A92899103F3B,1317,0,1.0703125
ABFC17C39354,1318,0,1.013671875
73698CA22462,1319,0,1.0224609375
FA494D98D9F9,1320,0,1.0673828125
308AD9A4728D,1321,0,1.0966796875
7B9DF5C4ADBD,1322,0,1.05078125
A8FD11F16108,1323,0,1.0390625
D8AFB0AE804B,1324,0,0.99560546875
568DCF501B1C,1325,0,1.1201171875
3F04A031F539,1326,0,1.0771484375
9A36D037EA52,1327,0,1.02734375
5CF9545107B1,1328,0,1.0703125
6C4103111BB5,1329,0,1.0400390625
08B2470ADCC4,1330,0,1.0244140625
ADA15EC1BA7B,1331,0,1.1669921875
50F1D8786126,1332,0,1.08203125
B3A2AEA67432,1333,0,1.044921875
5B54CC4A1EBA,1334,0,1.06640625
A7FE0387BF32,1335,0,1.033203125
01369FEDAA47,1336,0,1.021484375
074343AB6EC8,1337,0,1.009765625
E1A0A8C51458,1338,0,1.0087890625
1807DD253B30,1339,0,0.9873046875
015E874564ED,1340,0,1.00390625
17A4777DCC71,1341,0,1.0673828125
9D99F8F1CAAB,1342,0,1.0615234375
F3C61FEF6912,1343,0,0.9814453125
E7AF86CCE000,1344,0,1.0302734375
DC5BBE514ECE,1345,0,1.1083984375
57D7DA2AC4BB,1346,0,1.0673828125
3AED5A7D58F8,1347,0,1.1162109375
98B35B64B4F7,1348,0,0.982421875
7E5BD3A989D9,1349,0,1.138671875
0141EEA53E3E,1350,0,0.94189453125
A2D7EC33D721,1351,0,1.037109375
DEBD20B519DF,1352,0,1.0048828125
32DE1F864413,1353,0,1.09765625
BEE4BD548167,1354,0,1.0439453125
EFFD8A57686B,1355,0,1.0283203125
46F1DBF7F567,1356,0,1.07421875
F46FF42C8B92,1357,0,1.0029296875
29577A60EA8B,1358,0,1.0166015625
BA044B9BE4BF,1359,0,1.078125
43E8315FA921,1360,0,1.013671875
9E329AE0D772,1361,0,0.9970703125
2FC787262DE4,1362,0,1.1318359375
E9398CEB378F,1363,0,1.0419921875
FE47325AD93F,1364,0,1.1494140625
CE3C25E291B2,1365,0,1.09375
53EAE8EA05E8,1366,0,1.091796875
109FC36735A0,1367,0,1.09375
85FBDED26DCC,1368,0,1.0908203125
9FAD898993FD,1369,0,1.1513671875
00BD97EA4041,1370,0,1.126953125
FB5D79B7573C,1371,0,1.1064453125
A2FD4F3B2373,1372,0,1.09375
09CA61DED8C6,1373,0,0.96337890625
3B59B52DAD06,1374,0,1.15234375
44AF3B183134,1375,0,1.037109375
3B59052B8DAF,1376,0,0.951171875
ECE1DAD2A886,1377,0,1.0380859375
949F1FCAE7A6,1378,0,1.123046875
C6C49435744E,1379,0,0.9833984375
D67D59D24822,1380,0,1.076171875
0D6F9BEBACE4,1381,0,1.11328125
B89DED9517AE,1382,0,1.025390625
B3B624F3F792,1383,0,1.0390625
BF86E37ABB2A,1384,0,1.0888671875
390982B6734B,1385,0,1.0615234375
784ADFA51958,1386,0,1.0615234375
FAE25123869F,1387,0,1.197265625
53C97AB4BFAB,1388,0,0.95166015625
E300D0703D82,1389,0,1.1328125
A2CB6DF5F1EA,1390,0,1.1123046875
EF70A0E7826B,1391,0,1.01171875
82ED6087717D,1392,0,1.1279296875
D2D0B722D015,1393,0,1.09375
D7445DE18A83,1394,0,1.001953125
AA3B0AF13AA2,1395,0,1.0732421875
7A913F88991E,1396,0,1.078125
D4517AB595DB,1397,0,1.033203125
2AB363264AE0,1398,0,1.0947265625
DA486689B3EF,1399,0,1.05078125
14FE56852B95,1400,0,1.029296875
A057440C16FE,1401,0,0.93701171875
F86F94DCEB33,1402,0,1.0712890625
477F24CDDE0B,1403,0,1.056640625
16400F8E6FC1,1404,0,1.009765625
E627C066A0F1,1405,0,1.052734375
2C672144BD38,1406,0,0.9638671875
E10D5E79B0A0,1407,0,0.95751953125
EEE5DB1D5F12,1408,0,1.0263671875
532A84DE754F,1409,0,1.0703125
EE6CE96959D4,1410,0,1.0625
EB51FF23A9FE,1411,0,1.0712890625
1AB2A9477667,1412,0,0.96337890625
E4EC09FBBC69,1413,0,0.947265625
EFE800DEFA4B,1414,0,1.08203125
B62DB13C6E18,1415,0,0.98876953125
B970F5895E51,1416,0,0.97607421875
BDEAAFE68AA1,1417,0,1.0263671875
46145F4A6009,1418,0,1.056640625
CDF96B542327,1419,0,1.03125
63BA2005E282,1420,0,1.046875
5BBC05802470,1421,0,1.16015625
E22134365CE5,1422,0,1.130859375
C773C7795F58,1423,0,1.064453125
DA56D30A7A9A,1424,0,0.98779296875
9436DD79DCDA,1425,0,1.0517578125
A8221073323E,1426,0,1.0498046875
CE0BD510CEA7,1427,0,1.1884765625
6E1B4AF3CDC3,1428,0,1.0908203125
E743F9AC8BBE,1429,0,1.0234375
2FE7098FEF58,1430,0,1.0009765625
CEBC3C34962E,1431,0,1.0166015625
E47912C887CA,1432,0,0.9853515625
68036DA5F7FE,1433,0,1.02734375
32882A8AE673,1434,0,1.0380859375
3D93701B4E8D,1435,0,1.06640625
D2A7CA1EEFC5,1436,0,0.99853515625
FC6023B9EE06,1437,0,1.07421875
2D36D365D242,1438,0,0.9677734375
DC4CDCB87CC9,1439,0,1.109375
E47B97599CF8,1440,0,1.0791015625
3803DA5A2AC4,1441,0,1.044921875
915D9EE27FFB,1442,0,1.056640625
9E4C14A1EE5C,1443,0,1.0458984375
2B002FEE337E,1444,0,1.0029296875
9A2E34074789,1445,0,1.029296875
FF01B32BAC3E,1446,0,0.974609375
F91682599FC0,1447,0,1.126953125
45DDB1CE474D,1448,0,1.03125
EDE0E6181F61,1449,0,1.013671875
16BF09110617,1450,0,1.0498046875
BF2B46872736,1451,0,1.0546875
A7F8EA8D1E7A,1452,0,1.150390625
81587E82D64B,1453,0,1.0771484375
7BA3A439D22E,1454,0,0.9736328125
458DAF10CB17,1455,0,0.93505859375
076D21D61C04,1456,0,0.96728515625
318E29BC6F06,1457,0,0.99267578125
42D1F54DD184,1458,0,1.0126953125
7570F7DF9C98,1459,0,0.9736328125
784C7AB308C6,1460,0,1.0546875
6E80360E58BF,1461,0,0.994140625
826100BD96F9,1462,0,0.96435546875
5435CA799064,1463,0,1.0458984375
377E070688E1,1464,0,0.94189453125
2D01E2DE3ACC,1465,0,1.1552734375
0FE8DC0B8513,1466,0,0.94921875
7976C6FB117C,1467,0,0.90576171875
865E665B13F7,1468,0,1.0126953125
FAF866755DFA,1469,0,1.0771484375
628AD453CFD8,1470,0,0.93603515625
73D6F19E24BD,1471,0,1.0078125
2A29BA5D1EF6,1472,0,0.912109375
A0D127A810E3,1473,0,1.0673828125
9CD2E00F79A3,1474,0,1.005859375
26D70B50EB41,1475,0,0.97509765625
5886FEE892A7,1476,0,0.962890625
3F1C215FB2D9,1477,0,0.9755859375
DC2EE6A2F024,1478,0,1.0498046875
1125B1716D5E,1479,0,1.0400390625
E2D4914989F4,1480,0,0.99169921875
C32CE391DC3A,1481,0,0.9541015625
432FD5A0C5D2,1482,0,1.025390625
2EEA9454E26C,1483,0,1.08984375
37B47DC62A78,1484,0,0.9951171875
8B58FBDF6414,1485,0,0.8857421875
5DC7885F3849,1486,0,1.05859375
6CDA4CFF1F30,1487,0,0.90576171875
D370F48E3AD1,1488,0,0.95751953125
CCFC07FF5EAF,1489,0,1.0341796875
232936504C18,1490,0,1.072265625
57859DBF4B4D,1491,0,0.9384765625
9F3D55C63C0F,1492,0,1.0791015625
2674CCDD70E6,1493,0,1.00390625
9A2B81590B27,1494,0,1.0244140625
4472129F46CF,1495,0,0.98095703125
A95DC9851C4A,1496,0,0.998046875
A926E278BB9D,1497,0,0.9658203125
04D8A1F09465,1498,0,1.1279296875
97F5FE862075,1499,0,1.00390625
82177357AAB8,1500,0,1.005859375
B0FE8DA602E8,1501,0,0.98583984375
6E3023F09394,1502,0,0.978515625
522421AC1CDB,1503,0,1.0458984375
85EF5F2BDA22,1504,0,0.96337890625
F2E12C08A78E,1505,0,0.9638671875
04C46E44F660,1506,0,0.96630859375
4D7787F1E2CB,1507,0,0.96923828125
50405AD10BEE,1508,0,0.94482421875
ED62619C520F,1509,0,0.99072265625
B083BE6F3E72,1510,0,1.0517578125
E797D7F9B452,1511,0,0.97802734375
E3B01D3EF8C1,1512,0,0.9921875
B6666AE07D46,1513,0,1.0302734375
B65275183C2E,1514,0,1.052734375
7127D8A7CDF5,1515,0,1.0029296875
C94CAA3F0326,1516,0,1.0673828125
83CAAFEF8194,1517,0,1.025390625
097FE8053507,1518,0,1.0537109375
BB33169642C3,1519,0,1.080078125
D4F39D3F81E0,1520,0,1.0048828125
FA1E97DAA131,1521,0,1.02734375
B980EA7222ED,1522,0,1.03515625
DD6238DB550D,1523,0,0.9736328125
5B8D0FA010AA,1524,0,1.0087890625
C29A6FAADF82,1525,0,0.9892578125
259C732E5942,1526,0,1.0009765625
C80312F1821A,1527,0,0.97314453125
502A32AFDB6A,1528,0,0.9892578125
3CA8BC5FDD12,1529,0,1.0478515625
FC84D472CB97,1530,0,1.009765625
9B14802F55B8,1531,0,1.0302734375
490CF39F69C9,1532,0,0.994140625
51D1B45542A1,1533,0,1.0224609375
F814820E2B45,1534,0,1.1083984375
E221E2575DA8,1535,0,0.91748046875
D8FA1F4C6D5C,1536,0,1.03515625
2ECC79E1E5D8,1537,0,1.0185546875
9FECD0D50903,1538,0,1.0029296875
DFB074E89515,1539,0,1.0185546875
BA4563DB8F78,1540,0,1.0185546875
C024BE77795B,1541,0,1.0595703125
BB9EF9FA2F9B,1542,0,1.0576171875
DFBA34FFE11D,1543,0,1.033203125
822440E5EF9F,1544,0,1.0400390625
5534E738B129,1545,0,0.9345703125
3392F73AE2DB,1546,0,0.91455078125
1006FE578078,1547,0,0.984375
DFA350B72363,1548,0,1.0048828125
37B2B196F7C5,1549,0,1.025390625
C23622128006,1550,0,0.982421875
B0CCFA21F82C,1551,0,1.00390625
677CF91FDC97,1552,0,1.076171875
823C62BADB7E,1553,0,0.95068359375
FA3E37900E3D,1554,0,1.0634765625
A34FF5F00E3A,1555,0,1.01953125
4184BAF78C22,1556,0,0.953125
9EFEB61AE3F9,1557,0,0.95361328125
B871AAD79344,1558,0,1.134765625
0A5B8761B187,1559,0,1.041015625
880E4340D062,1560,0,0.9287109375
8805BDE4E251,1561,0,1.08984375
D4062D91EE44,1562,0,1.01953125
592A0A7ED525,1563,0,1.0673828125
0411473808DC,1564,0,1.052734375
A544DE716883,1565,0,1.087890625
1F4234C9B91C,1566,0,0.923828125
C18DA1185654,1567,0,1.0439453125
E5B77EA58C0B,1568,0,1.001953125
110CB433ACF7,1569,0,0.9853515625
8751DABF6F73,1570,0,1.0458984375
E3FF67C84443,1571,0,0.962890625
B6E0685C4299,1572,0,0.97412109375
F2C32E15FC7F,1573,0,0.9970703125
17D2212B02FC,1574,0,1.044921875
8BEA456945B0,1575,0,1.0166015625
57D117F52A26,1576,0,0.97021484375
83821661B8F5,1577,0,0.96240234375
A37EB4141D7C,1578,0,0.96142578125
FDC077398F13,1579,0,1.056640625
8D509BBA7DD5,1580,0,1.03125
D7148D8FC7F7,1581,0,1.01171875
C2128DBEFC42,1582,0,1.0771484375
72DF448D608C,1583,0,1.0966796875
87A3A28A5EB8,1584,0,1.0390625
AECE752276B3,1585,0,0.9765625
CA0D04C09E69,1586,0,1.0751953125
738752DF2122,1587,0,1.0947265625
25325F09BF85,1588,0,1.0341796875
4084C729DD4F,1589,0,1.0634765625
F6FF5119789B,1590,0,1.0625
A03284A8FF24,1591,0,1.048828125
789FBEBEAA5A,1592,0,0.8779296875
7EDC154C0632,1593,0,1.029296875
204F7EAA0EBA,1594,0,1.0673828125
FC15D48EB587,1595,0,1.025390625
6.91E+11,1596,0,1.0283203125
9EE34B9761BF,1597,0,1.0390625
6ACEE4C0B638,1598,0,1.08984375
8B98BA980EB9,1599,0,1.009765625
7FA0313E733E,1600,0,0.97265625
8.31E+11,1601,0,1.046875
53A88F5C2B68,1602,0,1.033203125
6974F39BF193,1603,0,1.0234375
955DC5092AF1,1604,0,1.1005859375
7214C472823B,1605,0,1.0478515625
5B2B04C5E20C,1606,0,1.0888671875
03B55D3B695B,1607,0,1.0400390625
0E5278E12B82,1608,0,0.98486328125
D83B337EB709,1609,0,1.0029296875
5716C4DAFC9E,1610,0,1.0546875
F02A6B0F9C92,1611,0,1.0029296875
7ED81049325E,1612,0,0.9794921875
29371D115009,1613,0,1.0732421875
8A1DE798ADA5,1614,0,0.99755859375
9F03562EA45B,1615,0,1.0634765625
76D127736D17,1616,0,1.0400390625
6DEFC88D4E0B,1617,0,1.025390625
8F7C21724491,1618,0,1.04296875
70ED78541A7E,1619,0,0.9501953125
836FC7F5F535,1620,0,0.97705078125
240D22669177,1621,0,0.986328125
AFB59A8CCD0F,1622,0,0.96337890625
B42AFC74C063,1623,0,1.068359375
60848B9FED16,1624,0,1.046875
CF882151082B,1625,0,1.0322265625
8C5088CDA686,1626,0,1.119140625
DF5281802CF1,1627,0,1.0224609375
B89AF6677AE9,1628,0,1.1376953125
97FDA53146BE,1629,0,1.025390625
5E14CA138C09,1630,0,1.0361328125
41EE2492D913,1631,0,0.9814453125
2CAD08064A6A,1632,0,1.0283203125
0EAB0E4FC56C,1633,0,1.044921875
65D97AB33D46,1634,0,1.1015625
ACBB0618CF1A,1635,0,0.9521484375
A932B7BEAC6A,1636,0,0.95751953125
D35C1DDA7658,1637,0,0.95751953125
A620127943B6,1638,0,1.05078125
31BCC13FC4B2,1639,0,1.046875
9680BEBF5DF5,1640,0,1.0986328125
8EBF990F1622,1641,0,1.00390625
B0D2190F7312,1642,0,1.0107421875
0A259B8AA9B2,1643,0,0.9853515625
DDDA4C02DB34,1644,0,0.998046875
4FC6489E8006,1645,0,1.05078125
20EE7E422C2D,1646,0,1.0234375
F1D42413F451,1647,0,1.0
2198FC9EDB6C,1648,0,1.052734375
99DBB0DC7CC2,1649,0,1.0322265625
2CD45C47FFE6,1650,0,0.9921875
B864F3DC71FC,1651,0,0.98193359375
4D079D8ECC08,1652,0,1.11328125
51EFEB9D8D09,1653,0,1.015625
EA31BBD77334,1654,0,0.935546875
BA30863CDECB,1655,0,1.015625
6C59EAA45BC1,1656,0,1.0205078125
7BAAA1C96089,1657,0,1.04296875
B06F15F11C93,1658,0,1.0634765625
0756FE811833,1659,0,0.998046875
EA7DF5E3AE3D,1660,0,1.0283203125
08482C3DA43A,1661,0,1.1123046875
0E89829FDE70,1662,0,1.001953125
A9BD2FCF25BE,1663,0,0.994140625
DC9CBB208C6D,1664,0,1.0556640625
798D1DA1BE28,1665,0,1.0390625
C262CF549A63,1666,0,1.0380859375
6F5652DC6E6A,1667,0,0.98828125
022DD0BE5A38,1668,0,1.044921875
FA34C91658A9,1669,0,1.056640625
A369CA765144,1670,0,1.166015625
14EA20764FD8,1671,0,1.076171875
6745076C4F5E,1672,0,1.13671875
1BC811EC52DD,1673,0,1.0498046875
20498D2BFDBE,1674,0,1.09765625
A2386ED7E56F,1675,0,1.087890625
42BBC5BB7D71,1676,0,1.0078125
255C21BE7CFB,1677,0,1.005859375
B8A2B64B089F,1678,0,0.95947265625
CB1E8FFD4CB4,1679,0,0.98974609375
80BA1C4DB6F0,1680,0,0.9921875
8C928B2D6AB9,1681,0,0.9521484375
25B15676D65B,1682,0,0.998046875
204E5D4294C2,1683,0,0.970703125
9EB8A19DEAB0,1684,0,1.0341796875
2B5011D4C860,1685,0,0.990234375
8822513C8D85,1686,0,1.0166015625
6208F1920B19,1687,0,0.927734375
EF9D79A33BE7,1688,0,1.0380859375
DE7A974017E1,1689,0,1.0263671875
8C4C4B2F2366,1690,0,0.9775390625
56934EC946BE,1691,0,1.0576171875
4776005B77F0,1692,0,1.0087890625
C6278E01D797,1693,0,0.9970703125
79745179D7CE,1694,0,1.0361328125
F17279F65DCE,1695,0,0.99609375
0EBE92AFBD97,1696,0,0.966796875
319B2511943D,1697,0,1.041015625
B286E6029ECB,1698,0,1.033203125
3F0E512E243F,1699,0,0.94091796875
FF9202FAA566,1700,0,1.013671875
F23669129C75,1701,0,1.0517578125
3A08788DCA7D,1702,0,1.052734375
27A071CC4338,1703,0,1.0546875
B799DAFE0950,1704,0,0.98046875
D0A7DA572ED0,1705,0,1.0087890625
3BC78976B522,1706,0,1.029296875
50A20D5E39BD,1707,0,1.06640625
A3A52D0C5668,1708,0,1.005859375
9BF316100BDC,1709,0,1.052734375
EF7D7E91EB17,1710,0,0.951171875
BCBD7D07903C,1711,0,1.0625
80877A1F0A7D,1712,0,1.0625
3B349382B66E,1713,0,0.9609375
6BC7BF3A5D56,1714,0,1.03125
20D092AFC4C5,1715,0,1.072265625
7932EB16DD1A,1716,0,0.98876953125
3F44E430D0AF,1717,0,1.0029296875
BFFDCA7C7E1E,1718,0,0.97412109375
BAF3E4907368,1719,0,1.0146484375
AEE79E8B256B,1720,0,1.078125
B33809DC1AAF,1721,0,0.9951171875
438E28BC10DD,1722,0,0.99853515625
B11A853443A1,1723,0,0.9365234375
7AE4C8D9B286,1724,0,1.001953125
AE1CEA05AB1F,1725,0,0.92724609375
3FEB1129B8D7,1726,0,1.0234375
CFBCF638F69D,1727,0,1.1044921875
758703E5BF73,1728,0,1.00390625
EEDE0B05DE51,1729,0,1.0078125
F377008A387D,1730,0,1.0224609375
5C7D43A28B7A,1731,0,1.013671875
BA2E03C7A8F4,1732,0,1.05078125
7526E274A25D,1733,0,0.98779296875
E5ADCFEF9D75,1734,0,1.017578125
4ED769B5CE44,1735,0,1.103515625
0AD49DAA4C83,1736,0,1.0166015625
47F31D88DFB5,1737,0,1.0009765625
53DE53537B56,1738,0,1.095703125
361958A6AA45,1739,0,1.013671875
09ECF76CBD3C,1740,0,0.91455078125
AE8385F10D82,1741,0,1.005859375
8EB73A991757,1742,0,1.0400390625
C66B1884100A,1743,0,1.03125
86C3CBD25A60,1744,0,1.01171875
734ED39AAFBF,1745,0,1.021484375
95B09C17403B,1746,0,0.9775390625
C5113BD6EDBF,1747,0,1.02734375
89B939843B8D,1748,0,1.0283203125
5402D8B83297,1749,0,1.0576171875
1AE24A0A5097,1750,0,0.95556640625
F054958118F9,1751,0,1.0361328125
79E165166080,1752,0,1.0419921875
EE31AC5445C7,1753,0,0.98828125
AC38AA9C5E8B,1754,0,1.0234375
CAE891339BE2,1755,0,1.0244140625
B97D96E80176,1756,0,1.099609375
0B58C8B94F19,1757,0,1.0615234375
DDBE5B47593D,1758,0,1.1201171875
C1043F3C0609,1759,0,1.0888671875
BD6CCC592409,1760,0,1.025390625
500F35F18E1F,1761,0,1.02734375
63344AB72893,1762,0,1.041015625
45A983A0468F,1763,0,1.0634765625
B4CB3063482A,1764,0,1.0244140625
459C2B708E94,1765,0,1.08984375
AC871BBF14B5,1766,0,1.0947265625
C5FFE4C79B89,1767,0,1.0146484375
09AF40183FF0,1768,0,1.0869140625
F11772D20D78,1769,0,1.0224609375
F515E267DA0E,1770,0,1.0068359375
9F0C2B822B76,1771,0,1.0048828125
135D6AEDDA9F,1772,0,1.1298828125
5D8E5A78D5B5,1773,0,1.10546875
8B38DC67C648,1774,0,1.03125
1576C11BE62F,1775,0,1.025390625
9FEEEA2734D2,1776,0,1.013671875
B49B10AE4548,1777,0,1.1318359375
DCBC34BF59EC,1778,0,1.0751953125
103B05DC95C8,1779,0,1.0078125
E2FCEC4F1A2F,1780,0,1.05078125
50964348BC11,1781,0,1.017578125
609386A6F9B8,1782,0,1.037109375
C9DF48901747,1783,0,0.97607421875
42C57F3AE45D,1784,0,1.0068359375
A755D05DFE06,1785,0,0.9619140625
2BA349328B36,1786,0,1.0439453125
27461F1D8A98,1787,0,1.0703125
A21252E22EA1,1788,0,1.134765625
892923AC5CF2,1789,0,0.982421875
08A6AD8C775B,1790,0,1.01953125
AB19B8293E4F,1791,0,1.123046875
3B74CC6B339E,1792,0,1.0205078125
EFAB32B20CD5,1793,0,1.021484375
4B759A5F8294,1794,0,0.9462890625
80591C680EBC,1795,0,0.98974609375
C62BBAB28313,1796,0,1.0634765625
8BBA10D529F8,1797,0,1.0419921875
C49F2AD96DD8,1798,0,1.1025390625
3E875F22BACF,1799,0,1.0810546875
005AE8C7F6B0,1800,0,1.07421875
5BC11C11A2FC,1801,0,1.01953125
82A897369EA2,1802,0,1.0341796875
3F385A209141,1803,0,0.9560546875
53C5F8EE5702,1804,0,1.037109375
52767523FC2A,1805,0,1.1005859375
A71A68464F35,1806,0,0.9462890625
CA2A9DBBA0BC,1807,0,1.0595703125
4CFFE1F52EF3,1808,0,1.0390625
3B890907ED43,1809,0,0.98779296875
